index|quem|o_que|quando|onde|por_que|como
346|Leah Juliett; colega de classe de Leah Juliett|Distribui√ß√£o n√£o consensual de imagens √≠ntimas (‚Äúrevenge porn‚Äù); impacto emocional e ativismo subsequente|2012|Online; site de pornografia e ambiente escolar|Confiou no colega por estar apaixonada; falta de controle sobre imagens digitais|Colega pediu imagens √≠ntimas; ap√≥s recusa, compartilhou as fotos recebidas sem consentimento na escola e em site online
356|Chomden (v√≠tima), apoiadores dos militares (golpistas)|vazamento de v√≠deo √≠ntimo, ass√©dio online, chantagem|ver√£o de 2021 (ap√≥s o golpe de 1¬∫ de fevereiro)|Telegram (canais p√∫blicos pr√≥-militares)|oposi√ß√£o pol√≠tica ao regime militar, vulnerabilidade digital|v√≠deo vazado sem consentimento, divulga√ß√£o de dados pessoais (nome, foto), mensagens abusivas em massa
360|Binance (exchange de criptomoedas), hackers|ataque cibern√©tico resultando em roubo de US$ 570 milh√µes em criptomoedas|nesta sexta-feira (7)|BNB Chain (antiga Binance Smart Chain)|vulnerabilidades em pontes blockchain|explora√ß√£o de uma ponte blockchain para transferir fundos ilegalmente
361|processo eleitoral brasileiro, Ag√™ncia Brasileira de Intelig√™ncia (Abin)|riscos de interfer√™ncias externas, ataques cibern√©ticos e amea√ßas √† democracia|elei√ß√µes de 2022 (per√≠odo eleitoral)|ambiente digital e infraestruturas cr√≠ticas do pleito|vulnerabilidades em sistemas eleitorais e manipula√ß√£o informacional|monitoramento de amea√ßas sem envolver urnas eletr√¥nicas, foco em a√ß√µes que possam influenciar eleitores
362|15 milh√µes de clientes do Morgan Stanley, reguladores federais dos EUA (SEC)|manuseio inadequado e vazamento de dados confidenciais de clientes|incidentes ocorridos desde pelo menos 2015|dispositivos f√≠sicos (discos r√≠gidos e servidores) e sistemas internos|falhas na prote√ß√£o e descarte seguro de dados|contrata√ß√£o de empresa inexperiente para descarte, venda acidental de dispositivos com dados n√£o criptografados
363|Wintermute (empresa de negocia√ß√£o de criptomoedas), hackers|roubo de US$ 160 milh√µes em ativos digitais|nesta ter√ßa-feira (20)|plataforma de negocia√ß√£o descentralizada da Wintermute|vulnerabilidades em sistemas de criptomoedas|explora√ß√£o de brechas para transferir ilegalmente 90 ativos digitais
364|empresas e funcion√°rios (clientes da SocialProof Security), Rachel Tobac (CEO)|uso de videoclipes musicais para treinamento em seguran√ßa digital|desde janeiro de 2021 (projeto expandido em agosto)|plataformas corporativas e redes sociais (Twitter, TikTok)|falta de engajamento em treinamentos tradicionais de seguran√ßa|cria√ß√£o de m√∫sicas e v√≠deos educativos sobre phishing, senhas e ransomware
365|√≥rg√£os governamentais brasileiros (Minist√©rio da Sa√∫de, CGU, ANTT, etc.), Pol√≠cia Federal|ataques cibern√©ticos com ransomware contra sistemas p√∫blicos|10 de dezembro de 2021 (ataque principal)|sites e sistemas governamentais (ConecteSUS, Portal Covid, etc.)|vulnerabilidades em infraestruturas digitais p√∫blicas|grupo transnacional usou ransomware para sequestrar dados e exigir resgate, deletando arquivos cr√≠ticos
366|Estados Unidos, Coreia do Norte (Lazarus Group), Tornado Cash|san√ß√µes contra mixer de criptomoedas por lavagem de US$ 7 bilh√µes|nesta segunda-feira (8)|plataforma Tornado Cash (servi√ßo de mixagem de criptomoedas)|uso de mixers para ocultar origens de fundos il√≠citos|servi√ßo empregado por hackers para lavar dinheiro, incluindo US$ 455 milh√µes do grupo norte-coreano Lazarus
367|clientes de bancos e servi√ßos financeiros, criminosos cibern√©ticos|aumento de 97% em golpes de phishing banc√°rio|entre janeiro e julho deste ano|mensagens fraudulentas (e-mails, SMS, links falsos)|explora√ß√£o da confian√ßa do usu√°rio e falta de verifica√ß√£o|envio de links maliciosos simulando institui√ß√µes financeiras para roubo de dados
368|usu√°rios do Pix no Brasil, criminosos cibern√©ticos|aumento de 1191% em golpes envolvendo o Pix|primeiro semestre de 2022 (vs. mesmo per√≠odo em 2021)|mensagens fraudulentas (WhatsApp, SMS, links falsos)|explora√ß√£o da popularidade do Pix e falta de verifica√ß√£o|envio de links maliciosos e falsas solicita√ß√µes de transfer√™ncia
369|organizadores do manifesto em defesa da democracia, hackers|mais de 2.000 tentativas de ataques cibern√©ticos ao site de assinaturas|desde ter√ßa-feira (26)|site de coleta de assinaturas do manifesto|vulnerabilidades em plataformas de mobiliza√ß√£o pol√≠tica|tentativas de derrubada do site e inclus√£o de assinaturas falsas
370|funcion√°rios da Uni√£o Europeia (incluindo o comiss√°rio de Justi√ßa Didier Reynders), NSO Group (empresa israelense)|poss√≠vel espionagem via spyware Pegasus em smartphones|evid√™ncias detectadas em 25 de julho (sem data exata de infec√ß√£o)|iPhones de funcion√°rios da UE|explora√ß√£o de vulnerabilidades em dispositivos m√≥veis|uso do Pegasus, software de espionagem vendido a governos, para monitorar alvos
371|benefici√°rios do Aux√≠lio Brasil, criminosos cibern√©ticos|golpe de phishing prometendo falso aux√≠lio de R$ 2.500 via Pix|entre 13 e 20 de julho (pico recente)|WhatsApp, SMS, e-mails e sites falsos|explora√ß√£o da vulnerabilidade socioecon√¥mica e desinforma√ß√£o|envio de links maliciosos simulando consulta ao benef√≠cio, com coleta de dados pessoais
372|Christine Lagarde (presidente do BCE), Banco Central Europeu|tentativa de ataque cibern√©tico contra a presidente do BCE|nesta ter√ßa-feira (12)|sistemas do Banco Central Europeu|vulnerabilidades em infraestruturas cr√≠ticas financeiras|ataque identificado e interrompido antes de comprometer dados
373|v√≠timas de abuso sexual infantil, pol√≠cias de sete pa√≠ses (incluindo Brasil e EUA)|opera√ß√µes contra pornografia infantil com 66 pris√µes (26 no Brasil)|nesta quinta-feira (30)|deep web e plataformas online|anonimato e alcance global de redes criminosas|rastreamento de endere√ßos virtuais e cumprimento de 163 mandados internacionais
374|contribuintes brasileiros, criminosos cibern√©ticos|golpe de phishing simulando regulariza√ß√£o de CPF|alertado nesta ter√ßa-feira (21)|SMS, WhatsApp e e-mails falsos|explora√ß√£o da credibilidade da Receita Federal|envio de links fraudulentos cobrando taxas inexistentes por servi√ßos gratuitos
375|empresas brasileiras, Confedera√ß√£o Nacional das Seguradoras (CNseg)|aumento de 41,5% na procura por seguros cibern√©ticos|primeiro trimestre de 2022 (vs. mesmo per√≠odo em 2021)|sistemas corporativos (redes internas, e-commerce, etc.)|aumento da vulnerabilidade com trabalho remoto e hiperdigitaliza√ß√£o|empresas investindo R$ 34,5 milh√µes em prote√ß√£o contra ransomware e outros ataques
376|propriet√°rios de ve√≠culos Tesla e fechaduras inteligentes, hackers|vulnerabilidade em fechaduras digitais via Bluetooth (BLE)|demonstrado nesta ter√ßa-feira (17)|sistemas de fechadura digital (carros Tesla e resid√™ncias)|falha no protocolo Bluetooth de Baixa Energia (BLE)|uso de dispositivo de retransmiss√£o para simular proximidade e desbloquear remotamente
377|empresas v√≠timas de ransomware, grupos criminosos cibern√©ticos|sequestro de dados via ransomware com exig√™ncia de resgate|dados coletados em per√≠odo recente (sem data exata)|sistemas corporativos (redes internas, servidores, etc.)|vulnerabilidades em infraestruturas digitais e press√£o por continuidade dos neg√≥cios|criptografia de dados seguida de extors√£o, com 88% das empresas j√° atacadas dispostas a pagar
378|propriet√°rios de NFTs do Bored Ape Yacht Club (BAYC), hackers|roubo de NFTs via golpe de phishing no Instagram e Discord|25 de abril (segunda-feira)|contas oficiais do BAYC no Instagram e Discord|explora√ß√£o da expectativa pelo lan√ßamento do metaverso Otherside|publica√ß√£o de link falso para "airdrop" que transferiu NFTs para carteiras criminosas
379|clientes de bancos brasileiros, institui√ß√µes financeiras (Febraban)|aumento de golpes financeiros digitais durante a pandemia|dados de fevereiro deste ano|aplicativos banc√°rios, SMS, WhatsApp|explora√ß√£o da migra√ß√£o para o digital e vulnerabilidades em transa√ß√µes|investimento de R$ 25,7 bilh√µes/ano em tecnologias como biometria, an√°lise comportamental e notifica√ß√µes em tempo real
380|empresas v√≠timas de ransomware, grupos criminosos cibern√©ticos|pagamentos m√©dios de resgate subiram 78% para US$ 541 mil em 2021|dados referentes a 2021|sistemas corporativos (incluindo cloud e IoT)|extors√£o m√∫ltipla (criptografia + amea√ßa de vazamento) e explora√ß√£o de vulnerabilidades zero-day|ataques com ransomware-as-a-service e foco em setores como sa√∫de e varejo
381|v√≠timas de roubo/furto de celulares, criminosos digitais|roubo de celulares seguido de acesso a contas banc√°rias via Pix|dados referentes a 2021 e in√≠cio de 2022|smartphones roubados (com acesso a apps banc√°rios)|explora√ß√£o de brechas na autentica√ß√£o por SMS e desbloqueio r√°pido de dispositivos|transfer√™ncias via Pix realizadas antes do bloqueio, usando c√≥digos de SMS para redefinir senhas
382|mulheres v√≠timas de exposi√ß√£o √≠ntima n√£o consentida, pesquisadores da Fiocruz|impactos na sa√∫de mental (depress√£o, idea√ß√£o suicida, etc.) por vazamento de imagens|dados coletados no segundo semestre de 2020|redes sociais e plataformas digitais|viol√™ncia de g√™nero e controle da sexualidade feminina|divulga√ß√£o de conte√∫do √≠ntimo para fins de vingan√ßa, extors√£o ou afirma√ß√£o de masculinidade
383|empresas transatl√¢nticas (EUA-UE), cidad√£os da UE|novo acordo para fluxo de dados pessoais entre EUA e UE|anunciado em 25/03 (sexta-feira)|transfer√™ncias de dados entre EUA e UE|preocupa√ß√µes com privacidade e leis de vigil√¢ncia dos EUA|estabelecimento de garantias para proteger dados da UE, com mecanismos de repara√ß√£o em caso de vigil√¢ncia ilegal
384|empresas e governos locais dos EUA, FBI e DHS|risco elevado de ataques ransomware ap√≥s san√ß√µes √† R√∫ssia|alertado nesta ter√ßa-feira (22)|infraestruturas cr√≠ticas dos EUA|ambiente permissivo para cibercriminosos na R√∫ssia|amea√ßa de interrup√ß√£o de servi√ßos essenciais, como visto no ataque ao Colonial Pipeline em 2021
385|v√≠timas de discurso de √≥dio online, Safernet (organiza√ß√£o de direitos humanos)|aumento de 60,7% em den√∫ncias de neonazismo na internet|dados comparando 2020 e 2021|plataformas online (redes sociais, f√≥runs, etc.)|crescimento de extremismo digital e discurso de √≥dio|den√∫ncias an√¥nimas resultaram na remo√ß√£o de 318 links neonazistas por autoridades
386|√≥rg√£os do governo federal (Minist√©rio da Sa√∫de, Correios, etc.), Lapsus$ Group (grupo hacker)|ataques cibern√©ticos que derrubaram sites governamentais|√∫ltimas semanas (com pico em 23/02)|sistemas p√∫blicos (ConecteSUS, Correios, etc.)|vulnerabilidades em infraestruturas digitais governamentais|invas√µes e interrup√ß√£o de servi√ßos, como a queda do site dos Correios por 2 horas
387|Minist√©rio da Sa√∫de, cidad√£os brasileiros (dados vazados), Lapsus$ Group|ataque hacker com roubo de 50 TB de dados sens√≠veis|na madrugada de sexta-feira (10)|sistemas do Minist√©rio da Sa√∫de (incluindo dados de vacina√ß√£o)|vulnerabilidades em infraestruturas digitais governamentais|invas√£o classificada como "hacktivismo", com poss√≠vel motiva√ß√£o pol√≠tica sobre passaporte vacinal
388|empresas dos EUA (como Colonial Pipeline), Cyber Command dos EUA|opera√ß√µes ofensivas contra grupos de ransomware|a√ß√µes recentes (com pico ap√≥s ataque √† Colonial Pipeline em maio)|redes criminosas (especialmente no Leste Europeu e R√∫ssia)|vulnerabilidade de infraestruturas cr√≠ticas a extors√£o digital|hackbacks e vigil√¢ncia de redes criminosas, com foco em cortar financiamento de hackers
389|cofres p√∫blicos (INSS), Pol√≠cia Federal|fraude em aposentadorias rurais com documentos falsos|opera√ß√£o realizada nesta ter√ßa-feira (9)|sistemas previdenci√°rios (via documentos fraudulentos)|explora√ß√£o de brechas em processos de concess√£o|esquema organizado por advogados que resultou em preju√≠zo de R$ 55,8 milh√µes
390|empresas dos EUA (como Kaseya), Departamento de Justi√ßa dos EUA|apreens√£o de US$ 6 milh√µes em resgates de ransomware e acusa√ß√£o de hackers|ataques ocorridos em julho (com a√ß√µes judiciais em 8/11)|sistemas corporativos (especialmente via malware REvil)|explora√ß√£o de vulnerabilidades em redes empresariais|opera√ß√£o internacional que prendeu ucraniano e russo ligados a ataques que afetaram 1.500 empresas
391|Wilfried Zaha (jogador do Crystal Palace), agressores racistas|ataques racistas online ap√≥s vit√≥ria sobre o Manchester City|no s√°bado (30)|Instagram (redes sociais)|discurso de √≥dio e falta de modera√ß√£o eficaz|coment√°rios racistas direcionados ao atleta via mensagens privadas
392|v√≠timas de discurso de √≥dio, Pol√≠cia Federal|aumento de 900% em inqu√©ritos sobre apologia ao nazismo (2011-2020)|dados at√© 21/10/2021|ambiente online e grupos neonazistas|crescimento de extremismo ideol√≥gico|282 inqu√©ritos federais em 10 anos, com concentra√ß√£o em SP, RJ e PR
393|v√≠timas de discurso de √≥dio, comunidade judaica, Confedera√ß√£o Israelita do Brasil (Conib)|apologia ao nazismo e crimes correlatos (como posse de material ilegal)|dados de 2011 a 2021 (com pico recente)|redes sociais e grupos extremistas offline|crescimento de movimentos extremistas e discurso de √≥dio|30 ocorr√™ncias policiais em 6 estados, incluindo apreens√£o de acervo nazista no RJ
394|usu√°rios do Pix no Brasil, Banco Central|novas regras para aumentar seguran√ßa nas transa√ß√µes via Pix|entram em vigor na segunda-feira (4)|aplicativos banc√°rios e transa√ß√µes digitais|explora√ß√£o de vulnerabilidades humanas (engenharia social)|limite de R$ 1.000 para transfer√™ncias noturnas e aprimoramento de autentica√ß√£o
395|empresas v√≠timas de ransomware, Departamento do Tesouro dos EUA|san√ß√µes contra casas de c√¢mbio de criptomoedas usadas por criminosos|anunciadas nesta ter√ßa-feira (21)|redes criminosas e exchanges de criptomoedas (como SUEX OTC)|lavagem de US$ 400 milh√µes em resgates em 2020|bloqueio de transa√ß√µes com entidades suspeitas e refor√ßo na regulamenta√ß√£o
396|usu√°rios de contas Microsoft (Outlook, OneDrive), empresas corporativas|elimina√ß√£o de senhas tradicionais por autentica√ß√£o biom√©trica e c√≥digos|lan√ßamento previsto para as pr√≥ximas semanas|servi√ßos Microsoft (Windows Hello, Authenticator)|vulnerabilidade de senhas tradicionais a ataques (18 bilh√µes/ano)|autentica√ß√£o via reconhecimento facial, PIN ou chaves de seguran√ßa f√≠sicas
397|usu√°rios do Pix no Brasil, Banco Central|novas medidas de seguran√ßa para combater golpes e sequestros rel√¢mpago|anunciadas nesta sexta-feira (sem data espec√≠fica)|transa√ß√µes via Pix e aplicativos banc√°rios|explora√ß√£o de vulnerabilidades em pagamentos instant√¢neos|limita√ß√£o de hor√°rios e valores, al√©m de autentica√ß√£o refor√ßada para transa√ß√µes
398|usu√°rios do Pix no Brasil, Banco Central|novas restri√ß√µes para conter fraudes no Pix (limites hor√°rios e de valor)|anunciadas recentemente (sem data espec√≠fica)|transa√ß√µes via Pix e aplicativos banc√°rios|explora√ß√£o de vulnerabilidades em pagamentos instant√¢neos|bloqueio de hor√°rios noturnos e limita√ß√£o de valores para transa√ß√µes
399|empresas seguradas pela AIG, mercado global de seguros|aumento de 40% nos pr√™mios de seguros contra cibercrimes|anunciado nesta sexta-feira (6)|mercado global de seguros (com foco na Am√©rica do Norte)|crescimento de ataques ransomware e riscos sist√™micos|restri√ß√£o de coberturas e redu√ß√£o de limites nas ap√≥lices
400|pa√≠ses da Uni√£o Europeia, Comiss√£o Europeia|cria√ß√£o de unidade conjunta contra crimes digitais|anunciada nesta quarta-feira (23)|√¢mbito europeu (27 pa√≠ses)|aumento de amea√ßas cibern√©ticas transnacionais|grupo operacional com compartilhamento de intelig√™ncia e recursos at√© 2023
401|empresas v√≠timas de ransomware, seguradoras (como AIG)|aumento de 150% em pedidos de resgate entre 2018-2020|dados at√© 2021 (com crescimento cont√≠nuo)|sistemas corporativos globais|vulnerabilidades em infraestruturas digitais e press√£o por pagamentos|seguros cibern√©ticos cobrindo at√© 50% dos resgates, com pr√™mios subindo 22% em 2020
402||||||
403|v√≠timas do golpe do FGTS|golpe com promessa de saque de at√© R$ 3.900 do FGTS, roubo de informa√ß√µes pessoais e dinheiro||aplicativos de mensagens (WhatsApp, Telegram, Facebook)|explora√ß√£o da expectativa por saques do FGTS e engenharia social|criminosos enviam links maliciosos com falsos cadastros, solicitam permiss√µes e roubam dados para saques indevidos e fraudes|
404|v√≠timas do vazamento de dados (mais de 200 milh√µes de brasileiros)|vazamento de CPFs, endere√ßos e sal√°rios, risco de golpes e fraudes|||explora√ß√£o de vulnerabilidades em sistemas e falta de prote√ß√£o de dados|coleta indevida de informa√ß√µes pessoais atrav√©s de links suspeitos e termos de uso mal compreendidos
405|Eletronuclear (subsidi√°ria da Eletrobras)|ataque de ransomware na rede administrativa, sem impacto nas opera√ß√µes das usinas||rede administrativa da Eletronuclear|vulnerabilidade nos sistemas administrativos|ataque via ransomware, isolamento da rede afetada e erradica√ß√£o do v√≠rus
406|v√≠timas de golpes no WhatsApp (mais de 5 milh√µes no Brasil)|roubo de c√≥digos de recupera√ß√£o do WhatsApp e acesso a dados pessoais||WhatsApp|engenharia social e falta de autentica√ß√£o em duas etapas|golpistas enganam v√≠timas para obter c√≥digos de recupera√ß√£o e clonar contas
407|223 milh√µes de CPFs, 40 milh√µes de CNPJs, 104 milh√µes de registros de ve√≠culos|vazamento de dados pessoais e empresariais em grande escala||internet (f√≥runs hackers)|falhas de seguran√ßa em bases de dados e poss√≠vel a√ß√£o de insiders|dados compilados de m√∫ltiplas fontes e disponibilizados gratuitamente ou √† venda
408|223 milh√µes de brasileiros (incluindo falecidos)|vazamento de fotos, sal√°rios, endere√ßos e outros dados sens√≠veis||dados disponibilizados na internet aberta e comercializados em f√≥runs|falhas na prote√ß√£o de dados e poss√≠vel a√ß√£o de insiders|dados compilados e vendidos por criminosos, facilitando fraudes banc√°rias e golpes
409|idosos brasileiros (p√∫blico-alvo preferencial de golpistas)|golpes banc√°rios, phishing, fraudes por PIX e falsas promessas de benef√≠cios||redes sociais, mensagens (WhatsApp/SMS) e liga√ß√µes fraudulentas|baixa familiaridade digital e falta de orienta√ß√£o sobre seguran√ßa|engenharia social, mensagens urgentes com links falsos e falsas centrais de atendimento
410|brasileiros (principalmente jovens de 16-29 anos e idosos)|golpes virtuais, fraudes banc√°rias e estelionatos digitais, preju√≠zos de R$ 2,3 trilh√µes||redes sociais, aplicativos de mensagem (WhatsApp/Telegram), compras online|engenharia social, dados vazados e falta de aten√ß√£o aos riscos digitais|clonagem de cart√µes, centrais falsas de banco, golpes do PIX e mensagens fraudulentas
411|v√≠timas de golpes digitais no Brasil|golpes via WhatsApp, links falsos, QR Codes adulterados e apps clonados||WhatsApp, QR Codes, aplicativos falsos|engenharia social e falta de verifica√ß√£o de fontes|clonagem de apps, mensagens fraudulentas e centrais falsas de atendimento
412|v√≠timas de falsos advogados (como a engenheira Ana Luisa e a designer Ivone)|golpes com promessa de libera√ß√£o de valores judiciais via PIX, preju√≠zo de R$ 15 mil||WhatsApp e redes sociais|uso indevido de dados de processos e engenharia social|falsos advogados enviam mensagens convincentes solicitando pagamentos para liberar supostas indeniza√ß√µes
413|v√≠timas de fraudes banc√°rias (clientes de bancos e donos de contas laranjas)|venda de kits criminosos com contas banc√°rias laranjas e cart√µes clonados, preju√≠zos financeiros||plataformas online e grupos fechados|vulnerabilidade de sistemas banc√°rios e explora√ß√£o de dados vazados|comercializa√ß√£o de contas laranjas, cart√µes clonados e tutoriais para golpes
414|v√≠timas de fraudes financeiras (clientes de bancos e plataformas digitais)|fraudes com cart√µes clonados, golpes em plataformas de pagamentos e apostas esportivas||plataformas digitais e m√°quinas de clonagem de cart√µes|explora√ß√£o de vulnerabilidades em sistemas financeiros e uso de tecnologia criminosa|opera√ß√£o organizada com estrutura tecnol√≥gica para clonagem e falsifica√ß√£o de dados banc√°rios
415||||||
416|consumidores v√≠timas de an√∫ncios fraudulentos|an√∫ncios falsos oferecendo empr√©stimos, indeniza√ß√µes e outros golpes financeiros||redes sociais e aplicativos de mensagem|falta de regula√ß√£o eficiente e fiscaliza√ß√£o de conte√∫dos|publica√ß√£o de an√∫ncios enganosos que direcionam para golpes via mensagens
417|usu√°rios da conta gov.br (v√≠timas de fraudes)|fraudes envolvendo invas√£o de contas gov.br para empr√©stimos ilegais e roubo de dados||plataforma gov.br e aplicativo m√≥vel|falhas na autentica√ß√£o biom√©trica e falta de verifica√ß√£o em duas etapas|invas√£o de contas para obter dados pessoais e realizar transa√ß√µes financeiras ilegais
418|comerciantes e estabelecimentos comerciais de Santo Ant√¥nio de Jesus|golpes do PIX falso para adquirir produtos sem pagamento real||compras presenciais em lojas e supermercados|apresenta√ß√£o de comprovantes de pagamento falsos|uso de comprovantes fraudulentos do PIX para enganar estabelecimentos
419||||||
420|idosos e jovens (principais v√≠timas)|golpes do WhatsApp, falsas vendas e falsos funcion√°rios de banco, preju√≠zo de R$10,1 bilh√µes||WhatsApp, sites falsos e liga√ß√µes telef√¥nicas|engenharia social e vazamentos de dados|clonagem de contas, cria√ß√£o de p√°ginas falsas e falsos atendimentos banc√°rios
421|v√≠timas de portabilidade telef√¥nica fraudulenta (incluindo autoridades p√∫blicas)|golpe da portabilidade telef√¥nica para transferir linhas indevidamente||sistemas internos de operadoras de telefonia|uso indevido de credenciais de acesso e falhas nos controles de seguran√ßa|grupo se passava por funcion√°rios para realizar portabilidades ilegais usando chips pr√©-pagos
422|comerciantes e clientes de Feira de Santana|golpes em compras n√£o pagas (joias e servi√ßos de design), preju√≠zos de at√© R$40 mil||lojas f√≠sicas e redes sociais|uso de influ√™ncia digital para ganhar confian√ßa|compra de produtos e servi√ßos sem inten√ß√£o de pagamento, usando falsas promessas
423|clientes do banco digital (v√≠timas de clonagem)|fraudes com cart√µes clonados, preju√≠zo de R$300 mil||banco digital e deep web|vulnerabilidade no sistema de seguran√ßa banc√°ria|clonagem de cart√µes e transfer√™ncias indevidas para contas de conhecidos
424|v√≠timas de golpes digitais (pessoas f√≠sicas e empresas)|golpes digitais variados (falsas liga√ß√µes banc√°rias, SMS falsos, clonagem de dados), preju√≠zo de at√© R$200 mil/semana||centrais de golpes, contas de terceiros (conteiros)|explora√ß√£o de vulnerabilidades em sistemas e engenharia social|uso de m√∫ltiplas estrat√©gias de fraude e pulveriza√ß√£o de valores em contas laranjas
425||||||
426|v√≠timas de golpes digitais na regi√£o de Ribeir√£o|golpes usando intelig√™ncia artificial (falsas liga√ß√µes banc√°rias, SMS e WhatsApp falsos), preju√≠zo de at√© R$200 mil/semana||centrais de golpes com equipamentos eletr√¥nicos e contas de terceiros|uso de tecnologia avan√ßada para engenharia social|aplica√ß√£o de fraudes com rob√¥s de IA e pulveriza√ß√£o em contas laranjas
427|D√©bora Amorim (cantora e influenciadora digital)|agress√£o f√≠sica com corte de cabelo √† for√ßa e danos ao ve√≠culo||frente da resid√™ncia da v√≠tima em Blumenau|poss√≠vel motiva√ß√£o pessoal ou persegui√ß√£o|ataque por dupla em motocicleta usando instrumento cortante
428|idosos (como a v√≠tima de 65 anos)|golpe do vale-g√°s com roubo de dados para empr√©stimos consignados, preju√≠zo de R$25 mil||abordagem domiciliar e bancos digitais|vulnerabilidade de idosos e falta de verifica√ß√£o banc√°ria|coleta fraudulenta de dados pessoais e biom√©tricos para abertura de contas
429|idosos acima de 60 anos no Distrito Federal|curso de preven√ß√£o a golpes digitais (educa√ß√£o midi√°tica e seguran√ßa online)||Universidade de Bras√≠lia (UnB) e Instituto Federal de Bras√≠lia (IFB)|vulnerabilidade de idosos a fraudes digitais|aulas presenciais com foco em uso seguro de tecnologia
430|cooperados de cooperativas de cr√©dito no Brasil|campanha educativa contra fraudes financeiras (#CliqueConsciente)||cooperativas de cr√©dito e plataformas digitais|aumento de golpes e fraudes financeiras (1 milh√£o de tentativas em 2024)|campanha com tr√™s etapas: preven√ß√£o, detec√ß√£o e a√ß√£o contra fraudes
431|v√≠timas de golpes digitais (compradores online)|estelionato digital em sites de compra/venda (3.611 casos em 2022)||plataformas de compra online e contas banc√°rias laranjas|falta de verifica√ß√£o e ofertas muito vantajosas|transfer√™ncias fraudulentas via PIX para contas de terceiros
432|50 v√≠timas em S√£o Paulo|golpes digitais (falso e-commerce e golpe do WhatsApp), preju√≠zo de R$1 milh√£o||sites falsos e aplicativo WhatsApp|an√∫ncios fraudulentos e engenharia social|uso de contas laranjas e empresas fantasmas para lavagem de dinheiro
433|consumidores e usu√°rios de servi√ßos digitais|fraudes digitais (faturas falsas, QR Codes adulterados e golpes do PIX)||e-mails, aplicativos de mensagens, QR Codes em estabelecimentos e transa√ß√µes PIX|engenharia social e falta de verifica√ß√£o por parte das v√≠timas|envio de documentos falsos, adultera√ß√£o de QR Codes e mensagens fraudulentas para induzir pagamentos
434|consumidores durante o per√≠odo de festas de fim de ano|golpes digitais (promo√ß√µes falsas, clonagem de contas e fraudes em aplicativos)||redes sociais, sites de compras e aplicativos de mensagens|aumento de movimenta√ß√µes financeiras no fim de ano|an√∫ncios fraudulentos e solicita√ß√£o de c√≥digos de confirma√ß√£o
435|25% da popula√ß√£o do Rio Grande do Norte|clonagem de cart√£o, fraude na internet e invas√£o de contas banc√°rias||Nordeste brasileiro (com destaque para RN)|vulnerabilidades em sistemas e falta de conscientiza√ß√£o digital|roubo de dados financeiros e uso indevido de contas banc√°rias
436|v√≠timas de golpes de falso investimento (RS, SP e SE)|golpe do falso investimento e lavagem de dinheiro via criptomoedas, preju√≠zos de R$40 mil a R$400 mil||redes sociais e contas banc√°rias de empresas de fachada|promo√ß√£o de jogos ilegais e engenharia social|transfer√™ncias fraudulentas e convers√£o em bens de luxo e criptomoedas
437|participantes de rifas virtuais|rifas virtuais ilegais e lavagem de dinheiro, desvio de recursos de filantropia||redes sociais e contas banc√°rias|promo√ß√£o de sorteios n√£o autorizados|arrecada√ß√£o fraudulenta e desvio de valores para contas pessoais
438|l√≠der de quadrilha especializada em golpes digitais|fraude banc√°ria de R$1,5 milh√£o em Campo Grande||banco de Campo Grande e atua√ß√£o em m√∫ltiplos estados|vulnerabilidade em sistemas banc√°rios|opera√ß√£o organizada com funcion√°rios internos e intermedi√°rios
439|usu√°rios de telefonia m√≥vel|golpes via SMS com links maliciosos (falsas d√≠vidas, suspens√£o de CNH etc.)||apartamento na Avenida Paulista (SP) e redes de telefonia|dispositivos clandestinos que burlam sistemas de telecomunica√ß√µes|disparo em massa de mensagens fraudulentas contendo v√≠rus
440|v√≠timas de falsos cons√≥rcios (como o homem que pagou R$2.214)|golpe do falso cons√≥rcio de motocicletas, sem entrega do ve√≠culo ou devolu√ß√£o do valor||empresa na Avenida Paralela em Salvador|promessas fraudulentas de cons√≥rcios|contratos falsos sem cumprimento das obriga√ß√µes
441|apostadores em plataformas de bets (incluindo v√≠timas de v√≠cio)|riscos financeiros e depend√™ncia em apostas online, preju√≠zos de at√© R$90 mil||plataformas de apostas online (bets)|publicidade agressiva e falta de regulamenta√ß√£o|est√≠mulo ao v√≠cio e endividamento atrav√©s de apostas recorrentes
442|usu√°rios do PIX Autom√°tico (pessoas f√≠sicas e jur√≠dicas)|riscos de fraudes e cobran√ßas indevidas no PIX Autom√°tico||aplicativos banc√°rios e plataformas de pagamento|vulnerabilidades em sistemas de pagamento recorrente|poss√≠vel explora√ß√£o de falhas para cobran√ßas n√£o autorizadas
443|usu√°rios de telefonia m√≥vel no Brasil|golpes por telefone (robocalls e spoofing de n√∫meros)||chamadas telef√¥nicas (4G/5G)|vulnerabilidade em sistemas de autentica√ß√£o de chamadas|uso de n√∫meros falsos para enganar v√≠timas e coletar dados
444|v√≠timas de golpes online (compradores de eletr√¥nicos)|golpes com comprovantes falsos de PIX, preju√≠zo de R$90 mil||redes sociais e aplicativos de mensagens|uso da imagem de um delegado para ganhar confian√ßa|envio de comprovantes falsos e falsas promessas de entrega
445||||||
446|ex-companheira da v√≠tima|homic√≠dio com facada no pesco√ßo||resid√™ncia no bairro do Zer√£o, Macap√°|poss√≠vel motiva√ß√£o passional|agress√£o com arma branca seguida de fuga
447|clientes da advogada Gabriela Cancian em Boituva (SP)|golpe do falso advogado com solicita√ß√£o de pagamentos indevidos||aplicativos de mensagens e contas banc√°rias|uso indevido de identidade profissional|clonagem de dados da advogada para enganar clientes
448||||||
449|v√≠timas de golpes online (pessoas interessadas em CNH Social)|golpe de falsa inscri√ß√£o para CNH Social com cobran√ßa de PIX de R$58,71||sites falsos que imitam portais oficiais|explora√ß√£o da demanda por servi√ßos p√∫blicos|p√°ginas fraudulentas que coletam dados e solicitam pagamentos indevidos
450|usu√°rios de redes sociais|v√≠deos hiper-realistas gerados por IA (incluindo falsas entrevistas e conte√∫dos enganosos)||plataformas de redes sociais e ferramentas de IA como Veo 3|capacidade avan√ßada de gera√ß√£o de conte√∫do por IA|produ√ß√£o e dissemina√ß√£o de v√≠deos sint√©ticos que podem enganar o p√∫blico
451|||||
452|moradores em Arapiraca, no Agreste de Alagoas; grupo de operadores de cons√≥rcios|estelionato com falsas promessas de financiamentos, mais de 50 v√≠timas com preju√≠zos financeiros|dezembro de 2024|empresas fict√≠cias de cons√≥rcios|vulnerabilidade das v√≠timas em busca de cr√©dito f√°cil|montavam empresas de fachada e atra√≠am consumidores com propostas vantajosas, mas n√£o cumpriam o prometido
453|||||
454|p√∫blico interessado nas rifas; Gladison Pieri e P√¢mela Pav√£o|rifas virtuais ilegais com sorteio de casas, ve√≠culos e dinheiro, desvio de recursos destinados a filantropia|2024|redes sociais, perfil de laranja|vulnerabilidade do p√∫blico em acreditar em sorteios promovidos por influenciadores|uso de perfil de laranja, falsa associa√ß√£o com empresa de capitaliza√ß√£o, desvio de recursos (apenas 2,4% para filantropia ao inv√©s dos 33,4% prometidos)
455|||||
456|v√≠tima n√£o identificada (homem detido e depois liberado); grupo criminoso n√£o especificado|fraudes eletr√¥nicas e estelionato em plataformas de venda online|opera√ß√£o ocorreu na manh√£ de segunda-feira (19)|plataformas de venda online|vulnerabilidade nas transa√ß√µes virtuais|golpe aplicado por intermedi√°rios em negocia√ß√µes digitais (t√©cnica "Man in the Middle")
457|idosos em Belo Horizonte e outras localidades; organiza√ß√£o criminosa com filiais no Rio de Janeiro e S√£o Paulo|golpes de empr√©stimo consignado, preju√≠zo de R$200 mil em BH e R$38 milh√µes no pa√≠s|desde 2020|empresas de empr√©stimos consignados, contato telef√¥nico|vulnerabilidade financeira dos idosos e acesso a dados pessoais|ofereciam quitar d√≠vidas em troca de pagamento adiantado, capturavam biometria/dados para contrair novos empr√©stimos em nome das v√≠timas
458|microempreendedores individuais (MEIs); sites fraudulentos n√£o identificados|sites falsos cobrando taxas abusivas por servi√ßos gratuitos de abertura de MEI, captura de dados sens√≠veis|√∫ltimos anos (sem data espec√≠fica)|sites falsos que se passam por plataformas oficiais|falta de conhecimento dos empreendedores sobre o processo oficial|cria√ß√£o de p√°ginas n√£o seguras que imitam o Portal do Empreendedor, cobran√ßa indevida por servi√ßos gratuitos
459|v√≠timas (empresas e m√©dicos como Ana Teresa Cerqueira); grupo criminoso n√£o identificado|venda de atestados m√©dicos falsos e testes de gravidez, fraude documental|√∫ltimos quatro anos (aumento significativo)|plataforma digital e aplicativo de mensagens|vulnerabilidade de verifica√ß√£o documental e press√£o por atestados|divulga√ß√£o em plataformas digitais, falsifica√ß√£o de assinaturas e carimbos m√©dicos, intimida√ß√£o a profissionais
460|||||
461|aniversariantes (v√≠timas); golpistas se passando por empresas ou entregadores|golpe do brinde/anivers√°rio, cobran√ßa de taxa de entrega para clonar cart√µes|n√£o especificado (mas recente)|contato por mensagens ou falsos entregadores presenciais|v√≠timas em clima comemorativo e desprevenidas|falsos presentes com taxa de entrega, captura de dados do cart√£o durante "pagamento"
462|||||
463|||||
464|Conselho Nacional de Justi√ßa (CNJ) como v√≠tima institucional; Carla Zambelli e hacker Walter Delgatti Neto como autores|invas√£o ao sistema do CNJ com inser√ß√£o de documentos falsos (incluindo mandado de pris√£o forjado)|data do crime n√£o especificada (antes da condena√ß√£o em 2023)|sistemas do Conselho Nacional de Justi√ßa|vulnerabilidade nos sistemas do CNJ explorada|contrata√ß√£o de hacker para invadir sistemas e inserir documentos falsos
465|||||
466|idosos e desempregados (como a v√≠tima de S√£o Bernardo do Campo e o morador de Florian√≥polis); quadrilhas especializadas (como Joyce Melo e Denise Pinheiro)|golpe da biometria facial para contratar empr√©stimos consignados e financiar ve√≠culos (preju√≠zos de at√© R$170 mil)|2020 em diante (com aumento recente)|visitas domiciliares falsas (como agentes de sa√∫de) e falsas entrevistas de emprego|vulnerabilidade de v√≠timas em busca de emprego/sa√∫de e confian√ßa em procedimentos aparentemente oficiais|coleta fraudulenta de biometria facial para assinar documentos digitais e contratar produtos financeiros em nome das v√≠timas
467|v√≠timas em todo o pa√≠s; criminosos se passando por advogados|golpe do falso advogado com solicita√ß√£o de PIX para libera√ß√£o de valores judiciais|2024 (com aumento recente)|aplicativos de mensagens, redes sociais e e-mail|v√≠timas em situa√ß√£o financeira vulner√°vel buscando receber valores judiciais|uso de dados reais de processos e falsifica√ß√£o de identidade para solicitar transfer√™ncias via PIX
468|v√≠timas de processos judiciais (como Nailde); criminosos se passando por advogados|golpe do falso advogado solicitando PIX para supostos impostos sobre valores judiciais|2024 (com pico em S√£o Paulo)|redes sociais, aplicativos de mensagens e e-mails|v√≠timas em expectativa de recebimento de valores judiciais|uso de dados reais de processos e falsifica√ß√£o de identidade para solicitar transfer√™ncias banc√°rias
469|||||
470|||||
471|||||
472|seguidores do influenciador digital (v√≠timas do esquema); influenciador digital e grupo criminoso|divulga√ß√£o de jogos de azar (Roleta) com falsas promessas de lucro, lavagem de dinheiro|opera√ß√£o realizada em 3 de julho de 2024 (mas esquema ativo h√° tempo indeterminado)|redes sociais e plataformas digitais|vulnerabilidade de v√≠timas atra√≠das por promessas de ganhos f√°ceis|uso de influ√™ncia digital para recrutar jogadores, oculta√ß√£o de bens em nome de laranjas
473|aposentado Vanderlei Mandes de Albuquerque (v√≠tima); criminosos se passando por advogados|golpe do falso advogado com perda de R$50 mil via transfer√™ncia banc√°ria|2024 (ano do registro da ocorr√™ncia)|contato por telefone/meios digitais (com uso de informa√ß√µes judiciais)|v√≠timas em processos judiciais esperando valores|uso de dados reais de processos + reconhecimento facial fraudulento para acessar contas
474|aposentados e pensionistas do INSS (incluindo casos como Iranete Cordeiro); associa√ß√µes criminosas|fraude bilion√°ria com descontos n√£o autorizados em benef√≠cios previdenci√°rios (R$6,3 bilh√µes desviados)|2019 a 2024|sistema de benef√≠cios do INSS, com atua√ß√£o de associa√ß√µes fraudulentas|vulnerabilidade de idosos com baixa escolaridade e acesso limitado √† informa√ß√£o|descontos autom√°ticos indevidos em benef√≠cios sem autoriza√ß√£o, oferta de servi√ßos fantasmas
475|v√≠timas como o funcion√°rio da limpeza da PCDF; Ad√©lia Soares e grupo chin√™s associado|opera√ß√£o de jogos ilegais online com desvio de R$1.800 da v√≠tima inicial|per√≠odo n√£o especificado (mas investiga√ß√£o em 2024)|sites de apostas ilegais e empresa Playflow|vulnerabilidade de apostadores e uso de dados falsos|empresa criada com documenta√ß√£o falsa, transfer√™ncias via PIX para lavagem de dinheiro
476|||||
477|Ferramenta contra liga√ß√µes de rob√¥s j√° funciona em parte dos celulares                Golpes por telefone com n√∫meros falsos e chamadas que desligam ao serem atendidas s√£o pr√°ticas que atormentam milh√µes de brasileiros e que o sistema chamado Origem Verificada promete combater.        Desenvolvida por operadoras de telecomunica√ß√µes em parceria com a Ag√™ncia Nacional de Telecomunica√ß√µes (Anatel)  a tecnologia de celulares ainda d√° os primeiros passos no Brasil.       A ferramenta identifica quem est√° ligando e  em alguns casos  at√© o motivo da chamada mesmo quando o n√∫mero n√£o est√° salvo no celular.       Para os consumidores  o servi√ßo √© gratuito e n√£o √© preciso instalar nada no celular. Mas nem todos os aparelhos s√£o compat√≠veis (veja abaixo).                  Como s√£o as chamadas com o Origem Verificada. Foto: g1     Como s√£o as chamadas com o Origem Verificada. Foto: g1        Cabe √†s empresas que pretendem fazer liga√ß√µes  como bancos e call centers  pagarem para adotar o recurso. E o volume de ades√µes  por enquanto  √© pequeno  segundo a entidade respons√°vel pela implementa√ß√£o do sistema.      ‚ÄúHoje  o uso √© restrito porque poucas empresas contrataram o servi√ßo e nem todos os celulares s√£o compat√≠veis com ele‚Äù  explica Ildeu Borges  gerente da ABR Telecom. A informa√ß√£o tamb√©m foi confirmada pela Anatel.       A ABR Telecom n√£o revelou quais ou quantas empresas j√° aderiram ao sistema.       O g1 procurou bancos para saber sobre a ado√ß√£o da ferramenta. Apenas o Bradesco respondeu  informando que j√° testa o sistema.            A Associa√ß√£o Brasileira de Telesservi√ßos (ABT)  que re√∫ne 21 empresas do setor  diz que todas as que fazem telemarketing ativo est√£o testando a ferramenta.       Das operadoras  cinquenta e duas j√° aderiram ao sistema  incluindo Vivo  Claro  Oi e Tim.      Por que o N√£o Me Perturbe √© incapaz de conter rob√¥s?     Quais celulares s√£o compat√≠veis com o Origem Verificada      Para que o recurso funcione  o celular precisa estar conectado a uma rede 4G ou 5G.       Al√©m disso  nem todos os aparelhos e sistemas operacionais conseguem suportar a tecnologia exigida pelo Origem Verificada (saiba mais abaixo).       E  mesmo quando suportam  as informa√ß√µes exibidas na tela das chamadas autenticadas (como nome da empresa  logo  n√∫mero de telefone e selo de verifica√ß√£o) podem variar de acordo com o celular.       Segundo a ABR Telecom  estas s√£o as marcas e vers√µes compat√≠veis com o sistema  al√©m do que cada uma exibe nas chamadas autenticadas:      Apple com iOS 18.2 ou superior dispon√≠vel do iPhone 11 ao 16: exibe nome da empresa  n√∫mero e logotipo.Samsung com Android 14 ou superior dispon√≠vel nos modelos Galaxy S23 e S22  entre outros (veja lista completa ao fim da reportagem): exibe todos os dados nome  n√∫mero  logotipo  selo de verifica√ß√£o  motivo da liga√ß√£o e ‚Äún√∫mero validado‚Äù. Outros aparelhos com Android 11 a 14 dispon√≠vel nos modelos Motorola Razr 50 ou Motorola Edge 50 Neo  entre outros: mostram nome  n√∫mero  selo e mensagem ‚Äún√∫mero validado‚Äù.            A expectativa da Anatel √© que 75% dos smartphones em uso no pa√≠s estejam aptos a receber chamadas autenticadas at√© o fim do primeiro semestre de 2025.      Como funciona a Origem Verificada      O sistema usa o protocolo internacional STIR/SHAKEN  que checa em tempo real se o n√∫mero exibido corresponde  de fato  √† empresa que est√° ligando. A valida√ß√£o √© feita por meio de um banco de dados centralizado pela ABR Telecom  abastecido pelas operadoras.       Quando a chamada come√ßa  o sistema compara os dados da empresa com os registros da operadora. Se houver correspond√™ncia  a liga√ß√£o √© autenticada. Esse processo requer um n√≠vel tecnol√≥gico que  atualmente  n√£o √© suportado por todos os celulares.       O objetivo do sistema √© combater fraudes como o spoofing  em que criminosos usam n√∫meros falsos muitas vezes com prefixos como 0800 para se passar por empresas confi√°veis e tentar enganar o consumidor.       Esse tipo de golpe geralmente envolve pedidos de dados sens√≠veis  como senhas ou c√≥digos de seguran√ßa  alegando a necessidade de confirmar transa√ß√µes.       Em um dos casos  mostrado pelo Profiss√£o Rep√≥rter  uma mulher perdeu R$ 7.800 ap√≥s ligar para um call center falso  onde os criminosos coletaram seus dados sob o pretexto de cancelar uma suposta fraude.            üëâFique atento: nunca forne√ßa senhas  c√≥digos ou dados pessoais por telefone.       Outro problema que o Origem Verificada pretende combater s√£o as robocalls chamadas autom√°ticas que caem assim que voc√™ atende. Elas s√£o usadas por golpistas para verificar se um n√∫mero est√° ativo antes de novas tentativas de fraude.       Uma reportagem do Fant√°stico investigou empresas que fornecem programas para liga√ß√µes autom√°ticas e mostrou como funciona esse mercado (reveja abaixo).                               23 mil liga√ß√µes por segundo: o Fant√°stico investiga como funcionam os rob√¥s programados para tirar voc√™ do s√©rio        E se a liga√ß√£o n√£o tiver identifica√ß√£o?      Nem toda liga√ß√£o sem identifica√ß√£o √© golpe. Isso porque  por enquanto  o uso do Origem Verificada √© volunt√°rio tanto para operadoras quanto para empresas. Ou seja  chamadas com e sem autentica√ß√£o ainda v√£o coexistir por algum tempo.            Mas  at√© outubro de 2028  todas as operadoras ser√£o obrigadas a autenticar as chamadas feitas de telefones fixos e celulares. √â o que estabelece a Resolu√ß√£o n¬∫ 777 da Anatel. Esse sistema √© diferente do Origem Verificada  mas complementa a estrat√©gia contra fraudes.       A obrigatoriedade  no entanto  ser√° apenas para garantir que o n√∫mero exibido realmente pertence a quem est√° ligando. J√° a exibi√ß√£o de dados adicionais como nome  logo e motivo da liga√ß√£o continuar√° sendo opcional e s√≥ estar√° dispon√≠vel para empresas que aderirem ao Origem Verificada.       Abaixo  veja a rela√ß√£o de aparelhos Samsung compat√≠veis com o sistema  desde que estejam atualizados com o Android 14 ou superior:       Galaxy M      Galaxy M23 5GGalaxy M53 5GGalaxy M14 5GGalaxy M34 5GGalaxy M54 5GGalaxy M15 5GGalaxy M35 5GGalaxy M55 5G      Galaxy A      Galaxy A13Galaxy A23Galaxy A23 5GGalaxy A33 5GGalaxy A53 5GGalaxy A73 5GGalaxy A14 5GGalaxy A24 5GGalaxy A34 5GGalaxy A54 5GGalaxy A05Galaxy A05sGalaxy A15 5GGalaxy A25 5GGalaxy A35 5GGalaxy A55 5GGalaxy A06Galaxy A06 5GGalaxy A16 5GGalaxy A26 5GGalaxy A36 5GGalaxy A56 5G           Galaxy S      Galaxy S21Galaxy S21+Galaxy S21 UltraGalaxy S21 FEGalaxy S22 Galaxy S22+ Galaxy S22 UltraGalaxy S23Galaxy S23+Galaxy S23 UltraGalaxy S23 FEGalaxy S24Galaxy S24+Galaxy S24 UltraGalaxy S24 FEGalaxy S25Galaxy S25+Galaxy S25 UltraGalaxy S25 Edge      Galaxy Z      Galaxy Z Flip3Galaxy Z Fold3Galaxy Z Flip4Galaxy Z Fold4Galaxy Z Flip5Galaxy Z Fold5Galaxy Z Flip6Galaxy Z Fold6            Bilh√µes de robocalls s√£o feitas todo m√™s no Brasil: s√£o aquelas chamadas que desligam logo que algu√©m atende Foto: globo     Bilh√µes de robocalls s√£o feitas todo m√™s no Brasil: s√£o aquelas chamadas que desligam logo que algu√©m atende Foto: globo        Veja mais:                               N√£o Me Perturbe n√£o funciona? Por que pessoas recebem liga√ß√µes de telemarketing                                       Como proteger os dados do seu celular antes de viajar para outro pa√≠s|N|OUTROS CIBERCRIME
478|||||
479|||||
480|pacientes idosos de Avar√© (SP); dentista investigado (n√£o identificado)|golpe de m√∫ltiplos contratos de financiamento odontol√≥gico via assinatura digital (R$278.449,65 em 51 contratos)|opera√ß√µes ocorreram at√© 17/05/2024 (data da opera√ß√£o policial)|consult√≥rio odontol√≥gico, com uso de sistemas digitais|v√≠timas idosas com baixa familiaridade tecnol√≥gica|repeti√ß√£o de assinaturas digitais sob pretexto de falhas no sistema
481|banco digital (v√≠tima institucional); comerciante de 33 anos e quadrilha organizada|tentativa de golpe de R$400 mil via abertura fraudulenta de contas e empr√©stimos|opera√ß√£o policial em 11/05/2024|banco digital, grupo em aplicativo de mensagens|vulnerabilidade em sistemas de abertura de contas|uso de documentos falsos, comercializa√ß√£o de dados em grupo criminoso online
482|||||
483|||||
484|||||
485|||||
486|m√©dicas Raquel Franchim e Ana Merten (v√≠timas); golpistas usando identidade de Roberval Ciszewski|fraude na venda de canetas emagrecedoras usando identidade m√©dica falsa|descoberta em junho de 2024|sites falsos e WhatsApp|vulnerabilidade de compradores buscando tratamentos de emagrecimento|uso n√£o autorizado de dados profissionais (CRM, fotos) e falsifica√ß√£o de consultas m√©dicas
487|v√≠timas em geral na regi√£o de Campinas; criminosos n√£o identificados|aumento de 8% em crimes cibern√©ticos (fraudes por WhatsApp, phishing, falsos investimentos etc.)|comparativo 2023-2024|redes sociais, aplicativos de mensagem (WhatsApp), sites falsos|vulnerabilidade de usu√°rios desprevenidos|t√©cnicas como falsas centrais banc√°rias, ofertas fraudulentas e engenharia social
489|Tribunal Regional do Trabalho (TRT RJ) como v√≠tima institucional; criminosos n√£o identificados|fraude com certificados digitais para emitir alvar√°s judiciais (preju√≠zo estimado em R$4 milh√µes)|descoberta em 11/05/2024|sistema de alvar√°s eletr√¥nicos da Justi√ßa do Trabalho|vulnerabilidade em sistema de certifica√ß√£o digital|uso fraudulento de 17 certificados digitais de magistrados e servidores
490|||||
491|v√≠timas como F√°bio da Silva Pereira e Renata Gon√ßalves; golpistas n√£o identificados|aumento de 20% em tentativas de golpes digitais (fraudes em leil√µes online, falsos pedidos de PIX)|segundo trimestre de 2022 (comparado ao mesmo per√≠odo em 2021)|sites falsos, mensagens por celular, e-mails fraudulentos|vulnerabilidade de usu√°rios em transa√ß√µes digitais|engenharia social e cria√ß√£o de plataformas fraudulentas
492|comerciantes de Angra dos Reis (RJ); homem de 31 anos preso|golpe do comprovante falso de PIX em estabelecimentos comerciais|opera√ß√£o policial em 31/08/2024 (com divulga√ß√£o em 02/09)|com√©rcios locais e locais p√∫blicos de entrega|vulnerabilidade na verifica√ß√£o instant√¢nea de transa√ß√µes|uso de aplicativo para gerar comprovantes fraudulentos de PIX
493|apostadores brasileiros; Secretaria de Pr√™mios e Apostas do Minist√©rio da Fazenda|suspens√£o de 7 operadoras de apostas por descumprimento de normas de seguran√ßa|30/08/2024|sites de apostas esportivas|falta de relat√≥rios obrigat√≥rios de seguran√ßa|opera√ß√£o sem documenta√ß√£o regulat√≥ria exigida
494|||||
495|empresas contribuintes (496 v√≠timas); organiza√ß√£o criminosa liderada por Robson Gimenes|fraude tribut√°ria com cr√©ditos fict√≠cios (R$451 milh√µes desviados)|opera√ß√µes em 24/05/2024|sistema tribut√°rio federal e fintech Shield Bank|vulnerabilidade no sistema de compensa√ß√£o tribut√°ria|uso de laranjas e documentos falsos para fraudar declara√ß√µes
496|||||
497|v√≠tima (profissional m√©dica real n√£o identificada); mulher presa em Jequi√© (BA)|falsidade ideol√≥gica e exerc√≠cio irregular da medicina|13/06/2023 (data da abordagem)|BR-116 em Jequi√© (BA), com uso de documentos digitais falsos|vulnerabilidade de sistemas de verifica√ß√£o profissional|apresenta√ß√£o de CRM falso e documentos digitais adulterados
498|empresas concorrentes e mercado publicit√°rio digital; Departamento de Justi√ßa dos EUA|monop√≥lio ilegal em plataformas de publicidade digital (AdX e DFP)|decis√£o judicial em abril/2024 (com proposta de san√ß√£o em 05/06)|mercado de publicidade digital (EUA e global)|concentra√ß√£o de mercado e pr√°ticas anticompetitivas|dom√≠nio de tecnologias de leil√£o e servidores de an√∫ncios
499|lot√©rica de Aracaju (v√≠tima); 9 pessoas indiciadas (associa√ß√£o criminosa)|fraude cibern√©tica via perfis falsos (preju√≠zo de R$90 mil)|per√≠odo n√£o especificado (inqu√©rito conclu√≠do em 16/06)|aplicativo de mensagens e boletos banc√°rios|vulnerabilidade na verifica√ß√£o de identidade digital|uso de contas laranjas e engenharia social para autorizar pagamentos
500|assistidos da Defensoria P√∫blica (como Andr√©ia Regina); criminosos n√£o identificados|golpe do falso defensor p√∫blico com solicita√ß√£o de adiantamento para supostas indeniza√ß√µes|casos recentes em 2024|aplicativos de mensagens e processos judiciais digitais|vulnerabilidade de pessoas em situa√ß√£o financeira fr√°gil|uso de dados p√∫blicos de processos e falsifica√ß√£o de identidade profissional
501|||||
502|v√≠timas em 20 estados brasileiros; grupo criminoso com 50 investigados|aplica√ß√£o de 5 tipos de golpes digitais (160 crimes identificados)|opera√ß√µes em 23/05/2023 (2¬™ fase)|meios digitais em m√∫ltiplos estados|vulnerabilidade das v√≠timas em transa√ß√µes online|uso de t√©cnicas como falsos boletos, perfis falsos e extors√£o com nudes
503|v√≠timas em Vit√≥ria da Conquista (BA); 8 pessoas presas (quadrilha especializada)|golpe do falso cons√≥rcio de im√≥veis/ve√≠culos (20 BOs registrados)|opera√ß√µes em 27/06/2024|salas comerciais e internet|v√≠timas em busca de oportunidades de cr√©dito|divulga√ß√£o de falsas cartas de cr√©dito contempladas
504|consumidores brasileiros; empresas de telemarketing e quadrilhas especializadas|fraudes via robocalls (20 bilh√µes de liga√ß√µes/m√™s, incluindo golpes banc√°rios)|dados atualizados at√© 2023|redes de telecomunica√ß√µes e n√∫meros falsos|vulnerabilidade na verifica√ß√£o de chamadas|clonagem de DDD, venda ilegal de dados e engenharia social
505|Rayene Carla Reis Lima, Ryan Carlos Reis Lima, Sarah Santos Borges|golpe de falsa garota de programa, extors√£o de 30+ v√≠timas|28 (sexta-feira)|internet, redes sociais, aplicativos de mensagem|explorou desejo por servi√ßos sexuais e medo de exposi√ß√£o|falsa garota de programa atra√≠a v√≠timas, coletava dados e fotos √≠ntimas, depois extorquia se passando por miliciano
506|idosos de Barra Mansa|golpe do Vale G√°s, roubo de dados e dinheiro|29 (quinta-feira)|abordagem em casas, falsos cart√µes de visita|explorou confian√ßa em assist√™ncia social e pressa no atendimento|golpistas se passavam por funcion√°rios do Cras, usavam falsos cart√µes e coletavam documentos para roubo
507|clientes do corretor de im√≥veis|golpes na venda de im√≥veis, venda duplicada|30 (sexta-feira)|redes sociais, negocia√ß√µes imobili√°rias|explorou confian√ßa no profissional e falta de verifica√ß√£o de documentos|corretor vendia o mesmo im√≥vel para v√°rios clientes sem concluir a compra
508|clientes da Autibank|pir√¢mide financeira, estelionato, preju√≠zos de at√© R$ 100 milh√µes|5 de abril|banco digital Autibank, abordagens em shoppings e resid√™ncias|explorou confian√ßa e promessa de altos rendimentos|v√≠timas eram convencidas a fazer empr√©stimos para investir em esquema de pir√¢mide com falsos retornos financeiros
509|||||||
510|||||||
511|||||||
512|||||||
513|||||||
514|idosos em bancos do RJ e outros estados|golpes em caixas eletr√¥nicos, roubo de R$600 mil|27 (s√°bado) e 30 (ter√ßa-feira)|ag√™ncias banc√°rias (caixas eletr√¥nicos)|explorou dificuldades dos idosos com tecnologia banc√°ria|distra√≠am v√≠timas, acessavam contas e faziam transfer√™ncias/saques sem autoriza√ß√£o
515|||||||
516|||||||
517|||||||
518|clientes de advogados no Acre|golpe do falso advogado, extors√£o de R$300 a R$2 mil por v√≠tima|2024 (principalmente set/2023 a mar/2024)|mensagens por WhatsApp e outros meios digitais|explorou expectativa por recebimentos judiciais e confian√ßa em advogados|golpistas se passavam por advogados reais, solicitavam pagamentos para liberar supostos valores judiciais
519|||||||
520|empresas de Salto e Sorocaba (SP)|golpes envolvendo transa√ß√µes por PIX|9 (quinta-feira)|bancos digitais, sistema PIX|explorou vulnerabilidades no sistema de transa√ß√µes financeiras|dobravam valores subtra√≠dos manipulando opera√ß√µes no PIX
521|||||||
522|||||||
523|Ant√¥nio Rabelo, servidor p√∫blico|golpe do PIX, preju√≠zo de R$1 mil|23 de mar√ßo (domingo)|proposta falsa de trabalho como modelo via WhatsApp|explorou expectativa de emprego e empolga√ß√£o com alta remunera√ß√£o|criminoso se passou por ag√™ncia de modelos, solicitou pagamento antecipado para produ√ß√£o de material fotogr√°fico
524|||||||
525|seguidores de Virginia Fonseca|golpe de PIX prometendo R$1 mil|desde 18/03/2025|redes sociais (Facebook, Instagram, WhatsApp)|explorou credibilidade da influenciadora e desejo por ganhos f√°ceis|usou v√≠deo manipulado com IA para simular an√∫ncio, direcionando para site falso que coleta dados e cobra taxa de R$39,90
526|idosos em S√£o Lu√≠s|golpes de empr√©stimos consignados, preju√≠zos de at√© R$60 mil|janeiro de 2025|abordagem pessoal se passando por funcion√°rios do CRAS|explorou confian√ßa em assist√™ncia social e dificuldade dos idosos com burocracia financeira|criminosos coletavam dados pessoais para abrir contas e fazer empr√©stimos em nome das v√≠timas
527|||||||
528|v√≠timas de fraudes eletr√¥nicas|fraudes financeiras usando contas banc√°rias de terceiros|24 (quinta-feira)|contas banc√°rias aliciadas, internet|explorou vulnerabilidade de pessoas que vendem contas banc√°rias|organiza√ß√£o criminosa com divis√£o de fun√ß√µes: gest√£o de dinheiro, capta√ß√£o de contas e fornecimento de dados banc√°rios
529|||||||
530|Prefeitura de Pirassununga (SP)|golpe financeiro, transfer√™ncia fraudulenta de R$2,181 milh√µes|12 de fevereiro|e-mail com falsa altera√ß√£o banc√°ria|explorou falhas na verifica√ß√£o de autenticidade de comunica√ß√µes digitais|criminosos enviaram e-mail falsificando empresa de vale-alimenta√ß√£o para desviar recursos p√∫blicos
531|||||||
532|||||||
533|v√≠timas em Rio Preto e Ara√ßatuba (SP)|fraudes eletr√¥nicas e clonagem de cart√µes|28 (sexta-feira)|cursos online para golpistas|explorou conhecimento t√©cnico de programa√ß√£o para crimes|organiza√ß√£o oferecia treinamento e ferramentas para fraudes digitais
534|||||||
535|v√≠timas de fraudes banc√°rias|clonagem de cart√µes e fraudes eletr√¥nicas|dezembro de 2024 (in√≠cio da opera√ß√£o)|plataforma online "Brasil Store"|explorou vulnerabilidades digitais e conhecimento t√©cnico para crimes|organiza√ß√£o oferecia cursos, suporte t√©cnico e acesso a dados banc√°rios clonados
534|clientes de cosm√©ticos em Divin√≥polis|golpe em vendas de cosm√©ticos, preju√≠zo estimado em R$300 mil|desde janeiro (com prazos vencendo em janeiro)|grupos de WhatsApp|explorou pre√ßos baixos atrativos e confian√ßa em redes sociais|anunciava produtos a pre√ßos irris√≥rios (R$1) mas n√£o realizava entregas
535|||||||
536|||||||
537|candidatos a concursos p√∫blicos|golpe de falsas inscri√ß√µes no CNU 2025|mar√ßo de 2025|redes sociais e sites falsos|explorou expectativa por concursos p√∫blicos e credibilidade do g1|p√°ginas falsas simulavam site oficial e cobravam taxas de inscri√ß√£o indevidas via PIX
538|||||||
539|usu√°rios de WhatsApp e cart√µes de cr√©dito em SP|clonagem de contas e fraudes com cart√µes, preju√≠zos de R$240 milh√µes|primeiro semestre de 2020 (durante pandemia)|redes sociais e aplicativos de mensagem|explorou aumento do uso de servi√ßos digitais na pandemia|golpes inclu√≠am links falsos, promo√ß√µes enganosas e roubo de dados banc√°rios
540|||||||
541|||||||
542|clientes de advogados em Juazeiro (BA)|golpe do falso advogado, preju√≠zo superior a R$100 mil|per√≠odo recente (sem data espec√≠fica)|liga√ß√µes e aplicativos de mensagens|explorou expectativa por recebimentos judiciais e confian√ßa em advogados|criminosos se passavam por advogados reais usando fotos roubadas e solicitavam pagamentos para liberar supostos valores
543|v√≠timas de empr√©stimos consignados|fraude com contas banc√°rias falsas, preju√≠zo de R$250 mil|data n√£o especificada (durante opera√ß√£o Trampo)|banco digital|explorou vulnerabilidade em sistemas de abertura de contas|uso de identidades falsificadas para abrir contas e obter empr√©stimos consignados
544|motoristas alagoanos|golpe da CNH suspensa com falsas notifica√ß√µes|√∫ltimas semanas (sem data espec√≠fica)|SMS e e-mails falsos|explorou preocupa√ß√£o com documenta√ß√£o veicular|envio de links para sites falsos solicitando pagamento de taxas inexistentes
545|||||||
546|v√≠timas de fraudes banc√°rias|opera√ß√£o contra escola de golpes digitais, 180 mil cart√µes clonados|dezembro de 2024|plataforma online "Brasil Store"|explorou demanda por m√©todos criminosos e vulnerabilidades digitais|oferecia cursos, dados banc√°rios e ferramentas para fraudes
547|lanchonete em Para√≠ba do Sul (RJ)|golpe do Pix falso, preju√≠zo de R$436 (somat√≥rio)|26 de fevereiro (segunda-feira)|pedidos online e aplicativo de mensagens|explorou confian√ßa em comprovantes digitais|envio de comprovantes falsos de Pix para obter produtos sem pagar
548|||||||
549|Idosos e trabalhadores rurais v√≠timas de golpe do falso aumento da aposentadoria  no Maranh√£o Foto: Reprodu√ß√£o/TV Mirante     Idosos e trabalhadores rurais v√≠timas de golpe do falso aumento da aposentadoria  no Maranh√£o Foto: Reprodu√ß√£o/TV Mirante               O Minist√©rio P√∫blico est√° investigando casos de idosos  no Maranh√£o  que foram v√≠timas de golpistas que prometeram aumento na aposentadoria  mas  na verdade  faziam empr√©stimos para si mesmos em nome dos aposentados.       ‚úÖ Clique aqui para seguir o canal do g1 Maranh√£o no WhatsApp      O idoso Davi de Jesus S√°  de 67 anos  √© uma das v√≠timas. Ele est√° pagando um empr√©stimo de quase R$ 45 mil que ele afirma nunca ter pedido.      Mesmo sendo pouco  as d√≠vidas que temos precisam ser pagas. Ent√£o  quero que esse dinheiro retorne para mim e para meus companheiros  declarou o aposentado.      De acordo com a Defensoria P√∫blica do Estado  uma organiza√ß√£o criminosa  liderada pela empresa Agility Cash  √© respons√°vel por aplicar golpes em aposentados  al√©m de um grupo de trabalhadores rurais no Maranh√£o.           Como funciona o golpe      Os golpistas se passavam por funcion√°rios da Agility Cash ou da Ebu Al Haje  sobrenome de um dos s√≥cios. Eles entravam em contato com as v√≠timas por telefone e afirmavam que conseguiriam um valor extra no pagamento da aposentadoria  que seria feito pelo governo federal.       Para isso  os benefici√°rios deveriam fornecer alguns dados pessoais e se apresentar em um escrit√≥rio no bairro Renascen√ßa  em S√£o Lu√≠s  para saber mais informa√ß√µes. Por√©m  na verdade  os aposentados faziam empr√©stimos e os valores eram debitados diretamente na conta dos golpistas.       Para evitar suspeitas de desvio  os criminosos transferiam uma quantia mensal √†s v√≠timas. Os valores eram depositados no mesmo dia em que o benef√≠cio do INSS era creditado  dificultando que os idosos percebessem os descontos.                               MPMA investiga os casos de idosos que foram v√≠timas de golpistas              Depois de cerca de dois meses  esses pagamentos extras pararam e os benef√≠cios diminu√≠am  confirmando que as v√≠timas haviam ca√≠do em um golpe.       Eles enganaram essas pessoas dizendo que iriam receber um benef√≠cio do governo federal. A pessoa achava que estava fazendo um cadastro na plataforma gov.br e  com a biometria facial  os golpistas estavam abrindo contas  usando os celulares deles e fazendo empr√©stimos banc√°rios em institui√ß√µes que n√£o t√™m ag√™ncia f√≠sica no Maranh√£o  explicou o advogado Rafael Silva.       Nos extratos das v√≠timas  os valores descontados eram destinados a pelo menos sete bancos  variando entre pagamentos de empr√©stimos e solicita√ß√µes de cart√µes de cr√©dito consignados.       No caso do aposentado Jos√© Raimundo Barbosa  a renda de um sal√°rio m√≠nimo caiu para menos de 500 reais  um preju√≠zo que ultrapassa os R$ 20 mil.      O dinheiro n√£o est√° dando para comprar rem√©dio  pagar um exame. A alimenta√ß√£o piorou e estou vivendo  √†s vezes  √†s custas dos meus filhos  relatou.            Aposentado Jos√© Raimundo foi uma das v√≠timas do golpe do falso aumento da aposentadoria Foto: Reprodu√ß√£o/TV Mirante     Aposentado Jos√© Raimundo foi uma das v√≠timas do golpe do falso aumento da aposentadoria Foto: Reprodu√ß√£o/TV Mirante            Valores desviados      Os casos foram denunciados ao Minist√©rio P√∫blico e chegaram ao Grupo de Atua√ß√£o Especial em Combate √†s Organiza√ß√µes Criminosas (GAECO) em 2024.       Pelo menos 20 processos judiciais contra a empresa Agility Cash est√£o em andamento  e R$ 763.079 77 teriam sido descontados das aposentadorias.       Segundo as v√≠timas  desde dezembro de 2024  elas n√£o conseguem contato com a empresa ou seus representantes.        O g1 tentou obter informa√ß√µes junto √† Agility Cash  mas n√£o conseguiu contato. A suposta empresa tamb√©m n√£o se pronunciou at√© a atualiza√ß√£o desta reportagem.|S|OUTROS CIBERCRIMES
550|empres√°rios em cidades do interior paulista|golpe de boletos falsos para cobran√ßa de taxas municipais|per√≠odo recente (sem data espec√≠fica)|e-mails fraudulentos|explorou obriga√ß√µes fiscais e temor de multas|envio de mensagens falsas simulando notifica√ß√µes oficiais com links para pagamentos indevidos
551|||||||
552|||||||
553|||||||  
554|||||||
555|Greycielle|agredida, corte na testa, cortes nos p√©s|domingo (25)|Crato, Cear√°|ci√∫mes|abordagem violenta, golpe de gargalo de garrafa
556|Tools For Humanity, Match Group (Tinder)|parceria para combater fraudes no Tinder usando World ID|quarta-feira (30)|Tinder, Jap√£o|avan√ßo da IA e necessidade de autenticidade online|escaneamento de √≠ris, vincula√ß√£o do World ID ao perfil do Tinder
557|consumidores, golpistas|fraudes por meio de links associados, comprometimento de dados pessoais e financeiros||redes sociais, e-commerce|falta de verifica√ß√£o de links, promo√ß√µes falsas|uso de links de afiliados falsos, direcionamento para sites maliciosos