|journal|links
0|g1|https://g1.globo.com/economia/noticia/2023/02/08/golpes-no-carnaval-troca-de-cartao-e-mudanca-de-valor-sao-fraudes-mais-comuns-veja-como-se-proteger.ghtml
1|g1|https://g1.globo.com/sp/piracicaba-regiao/noticia/2024/10/17/dupla-suspeita-de-fazer-ao-menos-9-vitimas-com-golpe-da-troca-de-cartoes-e-presa-em-santa-barbara.ghtml
2|g1|https://g1.globo.com/rj/rio-de-janeiro/noticia/2023/07/01/criminosos-trocam-cartoes-de-vitimas-de-golpes-em-shoppings-da-zona-oeste-do-rio.ghtml
3|g1|https://g1.globo.com/economia/noticia/2022/08/26/golpe-do-falso-motoboy-troca-de-cartao-whatsapp-e-link-falso-febraban-explica-e-da-dicas-de-como-evitar.ghtml
4|g1|https://g1.globo.com/sp/sao-paulo/carnaval/2019/noticia/2019/03/04/folioes-relatam-golpe-da-troca-do-cartao-no-carnaval-de-rua-em-sp.ghtml
5|g1|https://g1.globo.com/pa/santarem-regiao/noticia/2023/03/07/posto-de-combustivel-denuncia-golpe-com-troca-de-maquinas-de-cartao-de-credito-em-santarem.ghtml
6|g1|https://g1.globo.com/pa/para/noticia/2021/10/20/em-belem-golpe-de-troca-de-maquina-de-cartao-de-credito-gera-prejuizo-de-r-27-mil-a-restaurante.ghtml
7|g1|https://g1.globo.com/sp/vale-do-paraiba-regiao/noticia/2021/05/14/criminoso-troca-maquina-de-cartao-e-aplica-golpe-em-padaria-em-taubate.ghtml
8|g1|https://g1.globo.com/df/distrito-federal/noticia/2021/05/21/videos-dupla-troca-maquinas-de-cartao-de-credito-e-aplica-golpes-em-comercios-no-df.ghtml
9|g1|https://g1.globo.com/sp/sao-paulo/noticia/2025/03/08/video-vitima-toma-maquina-de-cartao-da-mao-de-golpista-e-consegue-estornar-cobranca-indevida-de-r-2-mil-em-sp.ghtml
10|g1|https://g1.globo.com/go/goias/noticia/2023/03/27/golpe-da-maquininha-entenda-crime-em-que-golpista-cancela-transacao-antes-de-fazer-pagamento-e-imprime-papel-para-simular-compra-realizada.ghtml
11|g1|https://g1.globo.com/mg/centro-oeste/noticia/2022/11/18/prejuizo-de-r-1-mil-criminosos-trocam-maquinas-de-cartao-e-passam-a-receber-valores-das-compras-de-um-varejao-em-para-de-minas.ghtml
12|g1|https://g1.globo.com/carnaval/2019/noticia/2019/02/28/carnaval-2019-veja-dicas-para-evitar-roubo-de-celular-furtos-e-golpe-da-troca-de-cartao.ghtml
13|g1|https://g1.globo.com/fantastico/noticia/2019/06/23/policia-prende-quadrilha-que-aplicava-golpes-em-clientes-de-cartoes-de-credito.ghtml
14|g1|https://g1.globo.com/go/goias/noticia/2023/02/12/golpe-do-bilhete-premiado-entenda-golpe-em-que-criminosos-convencem-vitimas-a-entregar-dinheiro-e-joias-em-troca-de-premio-falso.ghtml
15|g1|https://g1.globo.com/go/goias/noticia/2023/01/28/golpe-do-falso-troco-entenda-golpe-em-que-criminosos-simulam-confusao-para-enganar-atendente-e-pegar-dinheiro.ghtml
16|g1|https://g1.globo.com/sp/ribeirao-preto-franca/noticia/casal-troca-maquina-de-cartao-para-aplicar-golpe-em-restaurante-de-ribeirao-preto-video.ghtml
17|g1|https://g1.globo.com/fato-ou-fake/noticia/2023/03/02/e-fake-mensagem-que-promete-a-titular-de-cartao-de-credito-resgate-pelo-uso-entre-2019-e-2022.ghtml
18|g1|https://g1.globo.com/economia/noticia/2024/07/12/golpe-do-pix-errado-saiba-como-os-criminosos-agem-e-como-nao-ser-enganado.ghtml/
19|g1|https://g1.globo.com/sp/mogi-das-cruzes-suzano/noticia/2020/01/31/aposentada-de-mogi-tem-prejuizo-ao-cair-no-golpe-da-troca-do-registro-de-gas.ghtml
20|g1|https://g1.globo.com/rs/rio-grande-do-sul/noticia/2025/03/13/alerta-golpe-maquininha-cartao.ghtml
21|g1|https://g1.globo.com/rj/rio-de-janeiro/noticia/2025/06/13/idosa-denuncia-golpe-do-cartao-trocado-em-taxi-e-relata-prejuizo-de-r-30-mil.ghtml
22|g1|https://g1.globo.com/rs/rio-grande-do-sul/noticia/2024/02/29/golpe-do-falso-cartorio-criminosos-fraudam-boletos-para-cobranca-de-dividas-no-rs-saiba-como-se-proteger.ghtml
23|g1|https://g1.globo.com/economia/educacao-financeira/noticia/2024/10/15/golpe-da-agencia-investigada-conheca-a-nova-fraude-financeira-e-veja-como-se-proteger.ghtml
24|g1|https://g1.globo.com/economia/tecnologia/blog/altieres-rohr/post/2020/02/27/como-criminosos-podem-fazer-compras-fraudulentas-no-cartao-de-credito.ghtml
25|g1|https://g1.globo.com/rs/rio-grande-do-sul/noticia/2023/08/17/golpe-usa-mensagem-de-texto-falsa-sobre-compra-no-cartao-de-credito-no-rs-saiba-como-evitar-a-fraude.ghtml
26|g1|https://g1.globo.com/mg/triangulo-mineiro/noticia/2025/01/15/casal-e-preso-apos-dar-golpe-de-r-250-mil-em-empresa-de-maquinas-de-cartao-em-mg.ghtml
27|g1|https://g1.globo.com/sp/ribeirao-preto-franca/noticia/2025/05/15/mulher-cai-em-golpe-com-pagamento-por-aproximacao-de-cartao-e-relata-prejuizo-de-r-4-mil-em-ribeirao-preto.ghtml
28|g1|https://g1.globo.com/politica/noticia/2023/03/26/mj-manda-google-e-facebook-retirarem-do-ar-posts-com-golpe-do-recall-do-cartao-de-credito.ghtml
29|g1|https://g1.globo.com/es/espirito-santo/noticia/2020/06/10/em-novo-golpe-criminosos-se-passam-por-bancarios-e-recolhem-cartoes-de-credito-no-es.ghtml
30|g1|https://g1.globo.com/go/goias/noticia/2023/03/19/golpe-do-falso-emprego-entenda-golpe-em-que-criminosos-prometem-trabalhos-com-altos-salarios-e-usam-dados-para-clonar-cartoes-e-abrir-contas-em-bancos.ghtml
31|g1|https://g1.globo.com/go/goias/noticia/2024/07/03/golpe-da-carta-contemplada-entenda-como-agiam-criminosos-que-causaram-prejuizo-de-r-200-mil-a-pessoas-de-baixa-renda.ghtml
32|g1|https://g1.globo.com/ba/bahia/noticia/2021/03/31/idoso-e-vitima-de-golpe-do-falso-cartao-de-credito-clonado-e-tem-prejuizo-de-mais-de-r-10-mil-em-salvador.ghtml
33|g1|https://g1.globo.com/economia/tecnologia/blog/ronaldo-prass/post/2018/10/23/falsa-promocao-de-cartao-de-credito-para-negativados-com-bonus-de-r70000-se-espalha-pela-rede.ghtml
34|g1|https://g1.globo.com/sp/campinas-regiao/noticia/2024/09/16/golpe-da-falsa-entrega-faz-pelo-menos-20-vitimas-em-valinhos-saiba-como-criminosos-agem.ghtml
35|g1|https://g1.globo.com/jornal-nacional/noticia/2024/03/02/golpe-do-call-center-criminosos-burlam-chamadas-telefonicas-de-bancos-para-aplicar-fraudes.ghtml
36|g1|https://g1.globo.com/fato-ou-fake/itau/noticia/2023/11/30/golpe-do-boleto-falso-um-guia-para-nao-cair-nele.ghtml
37|g1|https://g1.globo.com/profissao-reporter/noticia/2023/11/22/criminosos-vendem-cartoes-clonados-livremente-em-grupos-do-telegram-envio-em-ate-1h-apos-a-confirmacao-do-pagamento.ghtml
38|g1|https://g1.globo.com/rj/rio-de-janeiro/noticia/2022/09/19/criminoso-aplica-golpe-como-intermediario-e-ainda-debocha-da-vitima-obrigado-pelo-trocado.ghtml
39|g1|https://g1.globo.com/pr/parana/noticia/2025/04/29/com-cartao-clonado-em-golpe-vitima-de-curitiba-aciona-banco-central-e-recupera-mais-de-32-mil.ghtml
40|g1|https://g1.globo.com/pb/paraiba/noticia/2012/01/defensor-recomenda-nao-assinar-cartao-de-credito-para-evitar-clonagem.html
41|g1|https://g1.globo.com/sp/sao-paulo/noticia/2024/01/26/mulher-perde-r-48-mil-apos-golpista-se-passar-por-funcionaria-de-banco-e-comunicar-clonagem-de-cartao-dinheiro-da-vida-diz-vitima.ghtml
42|g1|https://g1.globo.com/tecnologia/noticia/2023/01/31/novo-golpe-no-cartao-entenda-como-funciona-fraude-no-pagamento-por-aproximacao-e-saiba-como-se-proteger.ghtml
43|g1|https://g1.globo.com/ba/bahia/noticia/2024/08/22/golpe-do-cartao-virtual-bahia.ghtml
44|g1|https://g1.globo.com/es/espirito-santo/noticia/2024/12/02/grupo-suspeito-de-clonar-cartoes-de-alimentacao-e-aplicar-golpe-milionario-e-preso-no-es.ghtml
45|g1|https://g1.globo.com/pe/pernambuco/noticia/2021/06/07/jovem-e-flagrado-ao-sair-de-loja-com-roupa-de-r10-mil-e-preso-por-suspeita-de-dar-golpe-do-falso-cartao-de-credito-clonado.ghtml
46|g1|https://g1.globo.com/sp/campinas-regiao/noticia/2022/05/11/policia-civil-alerta-sobre-golpe-do-cartao-que-faz-vitimas-na-regiao-entenda-como-funciona.ghtml
47|g1|https://g1.globo.com/rs/rio-grande-do-sul/noticia/2022/03/29/policia-civil-prende-grupo-de-sao-paulo-que-aplicava-golpe-do-cartao-clonado-em-santa-maria.ghtml
48|g1|https://g1.globo.com/sp/presidente-prudente-regiao/noticia/2021/02/05/homem-que-aplicava-golpe-da-falsa-clonagem-de-cartao-e-preso-com-r-35-mil-em-hotel-de-presidente-prudente.ghtml
49|g1|https://g1.globo.com/profissao-reporter/noticia/2023/11/22/tropa-do-cartao-clonado-jovens-dancam-com-dinheiros-e-cartoes-ao-som-de-musicas-que-fazem-apologia-ao-crime.ghtml
50|g1|https://g1.globo.com/sp/sao-jose-do-rio-preto-aracatuba/noticia/2019/12/11/aposentada-perde-r-85-mil-em-golpe-do-cartao-clonado-em-rio-preto.ghtml
51|g1|https://g1.globo.com/ce/ceara/noticia/2023/05/19/emprestimos-irregulares-no-cartao-de-credito-sao-anunciados-em-cartazes-nas-ruas-de-fortaleza-pratica-e-crime.ghtml
52|g1|https://g1.globo.com/se/sergipe/noticia/2021/06/25/comerciantes-sao-vitimas-do-golpe-do-cartao-de-credito-clonado-em-sergipe.ghtml
53|g1|https://g1.globo.com/fantastico/noticia/2020/06/21/golpe-do-motoboy-causa-prejuizos-de-ate-r-8-mil-entenda-como-funciona-e-como-evitar.ghtml
54|g1|https://g1.globo.com/sp/santos-regiao/noticia/2020/05/08/suspeito-que-aplicava-golpe-do-cartao-clonado-e-preso-no-interior-de-sp.ghtml
55|g1|https://g1.globo.com/rj/rio-de-janeiro/noticia/2024/09/26/casal-preso-cartao-clonado.ghtml
56|g1|https://g1.globo.com/fantastico/noticia/2021/05/30/cartao-clonado-motoboy-anuncio-falso-golpes-explodem-durante-a-pandemia-veja-casos.ghtml
57|g1|https://g1.globo.com/pr/parana/noticia/2025/04/09/mulher-e-vitima-de-golpe-do-aniversario-e-tem-prejuizo-de-r-7-mil-em-curitiba.ghtml
58|g1|https://g1.globo.com/rs/rio-grande-do-sul/noticia/audios-mostram-como-quadrilha-aplica-golpe-por-telefone-em-usuarios-de-cartoes-de-credito.ghtml
59|g1|https://g1.globo.com/economia/tecnologia/blog/altieres-rohr/post/2021/06/17/clonagem-de-cartao-o-que-fazer-para-minimizar-o-prejuizo.ghtml
60|g1|https://g1.globo.com/rj/rio-de-janeiro/noticia/2022/01/25/influencer-e-presa-em-flagrante-no-rio.ghtml
61|g1|https://g1.globo.com/go/goias/noticia/2020/08/05/homem-e-preso-suspeito-de-comprar-mercadorias-com-cartoes-de-credito-clonados-em-goiania.ghtml
62|g1|https://g1.globo.com/go/goias/especial-publicitario/saneago/noticia/2025/06/02/do-golpe-do-delivery-ao-golpe-do-app-clonado-o-crime-se-modernizou-e-voce.ghtml
63|g1|https://g1.globo.com/ba/bahia/noticia/2025/02/04/homem-e-preso-por-compra-de-celular-com-cartao-clonado.ghtml
64|g1|https://g1.globo.com/tecnologia/noticia/2023/10/11/whatsapp-clonado-o-que-fazer-se-for-vitima-e-como-prevenir-golpes.ghtml
65|g1|https://g1.globo.com/mg/sul-de-minas/noticia/2025/04/24/policia-civil-prende-homem-suspeito-de-usar-cartao-clonado-no-comercio-de-pocos-de-caldas-e-apreende-celular-e-videogame.ghtml
66|g1|https://g1.globo.com/go/goias/noticia/2022/10/18/loja-faz-sucesso-apos-mulher-viralizar-ao-contar-que-marido-achou-que-o-cartao-de-credito-havia-sido-clonado-apos-ela-usa-lo.ghtml
67|g1|https://g1.globo.com/tecnologia/noticia/2021/10/10/whatsapp-clonado-ou-roubado-saiba-como-evitar-golpes-e-recuperar-sua-conta.ghtml
68|g1|https://g1.globo.com/pr/oeste-sudoeste/noticia/2021/05/03/pf-investiga-a-aplicacao-de-golpes-contra-clientes-da-caixa-economica-federal-em-cascavel.ghtml
69|g1|https://g1.globo.com/tecnologia/noticia/2025/04/12/programador-da-contragolpe-pelo-whatsapp-e-descobre-golpista-em-cadeia.ghtml
70|g1|https://g1.globo.com/pb/paraiba/noticia/2024/04/24/advogado-e-alvo-de-tentativa-de-golpe-no-whatsapp-e-viraliza-ao-expor-conversa-com-golpista-minha-primeira-reacao-foi-achar-graca.ghtml
71|g1|https://g1.globo.com/economia/tecnologia/blog/altieres-rohr/post/2019/05/10/golpistas-roubam-contas-de-whatsapp-com-torpedos-e-ligacoes-saiba-como-se-proteger.ghtml
72|g1|https://g1.globo.com/tecnologia/noticia/2024/07/31/rebeca-andrade-e-alvo-do-golpe-do-falso-familiar-no-whatsapp-veja-como-se-proteger.ghtml
73|g1|https://g1.globo.com/df/distrito-federal/noticia/2024/05/23/golpe-do-namoro-criminosos-que-se-passavam-por-mulheres-e-usavam-internet-para-atrair-vitimas-sao-presos-no-df.ghtml
74|g1|https://g1.globo.com/fato-ou-fake/noticia/2025/03/06/e-fake-mensagem-que-fala-sobre-whatsapp-gold-e-virus-que-pode-zerar-a-conta-bancaria-e-bloquear-o-celular.ghtml
75|g1|https://g1.globo.com/ac/acre/noticia/2025/02/18/em-golpe-da-faccao-criminosos-fazem-ameacas-e-exigem-ate-r-3-mil-de-vitimas-saiba-como-se-proteger.ghtml
76|g1|https://g1.globo.com/fato-ou-fake/noticia/2025/04/09/e-fake-mensagem-sobre-golpe-do-pix-apos-ligacao-que-pede-para-a-pessoa-apertar-2-se-estiver-vacinada.ghtml
77|g1|https://g1.globo.com/ro/rondonia/noticia/2024/07/31/suspeitos-se-passam-por-integrantes-de-faccao-para-aplicar-golpes-em-empresarios-e-comerciantes-em-ro.ghtml
78|g1|https://g1.globo.com/especial-publicitario/whatsapp/noticia/2020/04/30/veja-em-5-passos-como-se-proteger-de-golpes-no-whatsapp.ghtml
79|g1|https://g1.globo.com/jornal-nacional/noticia/2022/04/05/presa-quadrilha-suspeita-de-aplicar-golpes-milionarios-pelo-whatsapp.ghtml
80|g1|https://g1.globo.com/sp/ribeirao-preto-franca/noticia/2014/10/falsa-loja-virtual-faturou-r-3-milhoes-em-golpes-diz-policia-civil-em-franca.html
81|g1|https://g1.globo.com/al/alagoas/noticia/2013/03/golpe-de-estelionatarios-envia-boleto-com-falsa-cobranca-para-empresarios.html
82|g1|https://g1.globo.com/go/goias/noticia/2023/06/03/golpe-da-falsa-central-de-atendimento-entenda-crime-em-que-golpistas-se-passam-por-policiais-para-pegar-dados-pessoais.ghtml
83|g1|https://g1.globo.com/tecnologia/noticia/2023/12/20/pix-copia-e-cola-falsa-central-telefonica-e-mais-os-golpes-virtuais-que-marcaram-2023.ghtml
84|g1|https://g1.globo.com/ma/maranhao/noticia/2025/04/12/conheca-o-golpe-da-falsa-central-de-atendimento-que-fez-vitimas-em-codo-no-maranhao.ghtml
85|g1|https://g1.globo.com/politica/noticia/2024/11/21/acao-cumpre-37-mandados-de-prisao-contra-quadrilha-suspeita-por-golpe-da-falsa-central-telefonica.ghtml
86|g1|https://g1.globo.com/go/goias/noticia/2024/11/21/operacao-cumpre-mandados-contra-grupo-suspeito-de-criar-falsa-central-de-banco-para-aplicar-golpes.ghtml
87|g1|https://g1.globo.com/ms/mato-grosso-do-sul/noticia/2022/07/23/homem-perde-r-67-mil-apos-cair-em-golpe-da-falsa-central-de-atendimento-de-banco-em-ms.ghtml
88|g1|https://g1.globo.com/jornal-nacional/noticia/2024/01/29/criminosos-criam-falsas-centrais-telefonicas-de-bancos-e-operadoras-de-cartao-para-aplicar-golpes.ghtml
89|g1|https://g1.globo.com/sp/santos-regiao/noticia/2024/10/11/trio-simulava-falsa-central-telefonica-e-aplicava-golpes-em-vitimas-de-sp-e-rj-entenda.ghtml
90|g1|https://g1.globo.com/sp/sao-paulo/noticia/2025/05/23/policia-descobre-central-do-golpe-via-sms-que-funcionava-em-apartamento-na-regiao-da-avenida-paulista.ghtml
91|g1|https://g1.globo.com/sp/santos-regiao/noticia/2023/02/27/justica-condena-banco-a-devolver-mais-de-r-27-mil-para-idoso-que-caiu-no-golpe-da-falsa-central-telefonica.ghtml
92|g1|https://g1.globo.com/jornal-nacional/noticia/2024/11/21/policiais-civis-de-seis-estados-fazem-operacao-contra-grupo-que-aplicava-golpe-de-falsa-central-telefonica.ghtml
93|g1|https://g1.globo.com/rs/rio-grande-do-sul/noticia/2024/03/03/falsa-call-center-golpistas-burlam-identificador-de-chamadas-e-se-passam-por-bancos-no-rs-saiba-como-se-proteger.ghtml
94|g1|https://g1.globo.com/tecnologia/noticia/2024/08/28/anatel-planeja-identificador-contra-golpes-por-ligacao-veja-como-vai-funcionar.ghtml
95|g1|https://g1.globo.com/mg/sul-de-minas/especial-publicitario/camara-de-extrema/acoes-e-trabalhos-da-camara-municipal-de-extrema/noticia/2024/03/15/procon-camara-alerta-sobre-golpe-da-falsa-central-de-atendimento-do-nubank.ghtml
96|g1|https://g1.globo.com/sp/piracicaba-regiao/noticia/2024/03/22/vitimas-de-piracicaba-caem-em-golpe-da-conta-de-luz-falsa-veja-como-funciona-e-se-previna.ghtml
97|g1|https://g1.globo.com/sp/sao-paulo/noticia/2024/10/23/grupo-e-preso-na-zona-oeste-de-sp-apos-ser-flagrado-em-falsa-central-telefonica-usada-para-aplicar-golpes.ghtml
98|g1|https://g1.globo.com/ce/ceara/noticia/2024/06/11/advogado-que-perdeu-mais-de-r-100-mil-em-golpe-da-falsa-central-telefonica-sera-indenizado-por-banco.ghtml
99|g1|https://g1.globo.com/sp/sao-paulo/noticia/2025/06/11/policia-desmonta-central-do-golpe-bancario-na-zona-norte-de-sp-dois-suspeitos-sao-presos.ghtml
100|g1|https://g1.globo.com/politica/noticia/2025/05/07/fraude-no-inss-gera-onda-de-desinformacao-nas-redes-governo-alerta-para-golpes.ghtml
101|g1|https://g1.globo.com/jornal-nacional/noticia/2025/04/12/mais-de-500-mil-brasileiros-sao-vitimas-de-golpes-bancarios-aplicados-por-celular-em-2024.ghtml
102|g1|https://g1.globo.com/jornal-nacional/noticia/2025/05/31/golpe-da-falsa-defensoria-criminosos-se-passam-por-defensores-publicos-para-enganar-pessoas-vulneraveis.ghtml
103|g1|https://g1.globo.com/fantastico/noticia/2021/10/24/golpe-do-falso-intermediario-e-um-dos-mais-usados-no-mercado-de-compra-e-venda-de-carros-usados.ghtml
104|g1|https://g1.globo.com/fato-ou-fake/noticia/2025/06/11/e-fake-video-em-que-nikolas-ferreira-recomenda-falso-site-de-indenizacao-do-governo-federal-trata-se-de-golpe.ghtml
105|g1|https://g1.globo.com/profissao-reporter/noticia/2023/11/23/a-gente-se-sente-muito-burro-diz-vitima-de-golpe-da-falsa-venda-de-carro.ghtml
106|g1|https://g1.globo.com/sp/sao-carlos-regiao/noticia/2025/03/31/golpe-de-r-21-milhoes-prefeitura-foi-alertada-por-empresa-sobre-possivel-fraude-dias-antes.ghtml
107|g1|https://g1.globo.com/fato-ou-fake/noticia/2024/10/24/e-fake-que-bradesco-ligue-para-pedir-senhas-ou-chave-pix-trata-se-de-golpe.ghtml
108|g1|https://g1.globo.com/fato-ou-fake/noticia/2025/04/30/e-fake-que-nubank-esteja-pagando-indenizacao-de-ate-r-10-mil-trata-se-de-golpe.ghtml
109|g1|https://g1.globo.com/sp/sao-paulo/noticia/2025/01/25/policia-prende-acusado-de-aplicar-golpe-com-antena-que-dispara-milhares-de-sms-com-mensagem-falsa-de-cnh-suspensa.ghtml
110|g1|https://g1.globo.com/ma/maranhao/noticia/2024/10/09/operacao-mira-grupo-suspeito-de-criar-falsa-central-telefonica-de-banco-para-aplicar-golpes-em-imperatriz.ghtml
111|g1|https://g1.globo.com/empreendedorismo/noticia/2022/03/22/novo-golpe-manda-guia-falsa-do-simples-nacional-e-pede-pagamento-via-pix-alerta-receita-federal.ghtml
112|g1|https://g1.globo.com/fato-ou-fake/noticia/2025/04/25/e-fake-mensagem-que-promete-devolver-dinheiro-a-vitimas-de-fraude-no-inss-trata-se-de-golpe.ghtml
113|g1|https://g1.globo.com/pr/parana/noticia/2023/07/04/mulher-que-se-passava-por-falsa-funcionaria-do-inss-para-aplicar-golpes-e-presa-prejuizo-das-vitimas-e-superior-a-r-500-mil-diz-policia.ghtml
114|g1|https://g1.globo.com/tecnologia/noticia/2024/11/22/golpe-da-cnh-como-se-proteger-de-mensagens-falsas-sobre-suspensao-da-carteira-de-motorista.ghtml
115|g1|https://g1.globo.com/mg/zona-da-mata/noticia/2025/02/27/colombianos-suspeitos-de-aplicar-golpe-com-rifa-falsa-sao-alvos-de-operacao-em-barbacena.ghtml
116|g1|https://g1.globo.com/jornal-nacional/noticia/2025/04/05/quadrilhas-aplicam-golpe-do-pix-sem-invadir-o-computador-roubar-senha-e-nem-ameacar-a-vitima.ghtml
117|g1|https://g1.globo.com/tecnologia/noticia/2022/02/02/golpe-no-instagram-usa-perfil-de-vitima-para-anunciar-ofertas-falsas-a-seguidores-veja-como-se-proteger.ghtml
118|g1|https://g1.globo.com/politica/noticia/2025/05/22/operacao-em-quatro-estados-mira-golpistas-que-se-passavam-por-intermediarios-de-vendas-na-web.ghtml
119|g1|https://g1.globo.com/sp/ribeirao-preto-franca/noticia/2025/02/20/quadrilha-usava-inteligencia-artificial-para-aplicar-ate-r-200-mil-por-semana-em-golpes-digitais-no-interior-de-sp-diz-delegado.ghtml
120|g1|https://g1.globo.com/economia/tecnologia/noticia/2020/04/25/usuario-diz-que-sofreu-golpe-de-r-6-mil-de-entregador-de-comida-procon-notifica-empresas.ghtml
121|g1|https://g1.globo.com/rs/rio-grande-do-sul/noticia/2025/06/02/golpe-do-falso-investimento-fez-vitimas-perderem-ate-r-4-milhoes-no-rs-3-suspeitos-foram-presos.ghtml
122|g1|https://g1.globo.com/sp/piracicaba-regiao/noticia/2024/04/03/idosa-cai-em-golpe-do-falso-funcionario-de-banco-e-perde-r-19-mil-em-piracicaba-veja-fraudes-mais-comuns-e-como-se-proteger.ghtml
123|g1|https://g1.globo.com/rj/rio-de-janeiro/noticia/2024/12/14/suspeitos-de-aplicar-golpe-com-falsa-garota-de-programa-tinham-manual-da-extorsao-fala-que-e-cafetao-da-faccao.ghtml
124|g1|https://g1.globo.com/politica/noticia/2025/05/16/golpe-do-ressarcimento-do-inss-envia-mensagem-pedindo-pagamento-de-taxa-veja-video.ghtml
125|g1|https://g1.globo.com/economia/noticia/2024/07/12/golpe-do-pix-errado-saiba-como-os-criminosos-agem-e-como-nao-ser-enganado.ghtml
126|g1|https://g1.globo.com/tecnologia/noticia/2024/05/12/confira-os-5-golpes-do-pix-mais-comuns-feitos-pelo-celular.ghtml
127|g1|https://g1.globo.com/economia/noticia/2024/08/07/golpes-do-pix-saiba-como-se-proteger.ghtml
128|g1|https://g1.globo.com/rj/rio-de-janeiro/noticia/2022/06/22/golpe-do-pix-na-web.ghtml
129|g1|https://g1.globo.com/sp/itapetininga-regiao/noticia/2025/03/17/policia-investiga-suposto-golpe-do-pix-em-leilao-online-vitima-de-laranjal-paulista-perdeu-quase-r-160-mil.ghtml
130|g1|https://g1.globo.com/to/tocantins/noticia/2025/03/26/servidor-publico-cai-em-golpe-do-pix-ao-receber-oferta-de-trabalho-como-modelo-em-empresa-de-grife-acabei-ficando-empolgado.ghtml
131|g1|https://g1.globo.com/ac/acre/noticia/2025/04/05/aposentada-acreana-recebe-pix-de-r-76-mil-por-engano-e-devolve-o-valor-so-quero-o-que-e-meu.ghtml
132|g1|https://g1.globo.com/economia/noticia/2023/05/15/golpes-e-fraudes-associados-ao-pix-crescem-no-pais-dizem-especialistas-saiba-como-se-proteger.ghtml
133|g1|https://g1.globo.com/ba/bahia/noticia/2025/02/18/audiencia-golpe-do-pix.ghtml
134|g1|https://g1.globo.com/tecnologia/noticia/2023/10/30/novo-golpe-desvia-pix-copia-e-cola-em-compras-on-line-pelo-computador-veja-como-se-proteger.ghtml
135|g1|https://g1.globo.com/sp/bauru-marilia/noticia/2022/09/07/criminoso-desiste-de-aplicar-golpe-do-pix-e-flerta-com-vitima-por-rede-social-largo-o-golpe-para-ficar-com-voce.ghtml
136|g1|https://g1.globo.com/rj/rio-de-janeiro/carnaval/2025/noticia/2025/02/22/dicas-de-como-se-prevenir-de-estelionatos-e-furtos-no-carnaval.ghtml
137|g1|https://g1.globo.com/economia/noticia/2024/06/16/entenda-melhoria-em-sistema-de-devolucao-do-pix.ghtml
138|g1|https://g1.globo.com/economia/tecnologia/noticia/2021/06/23/golpe-do-pix-agendado-entenda-o-boato-que-circula-nas-redes-sociais.ghtml
139|g1|https://g1.globo.com/jornal-nacional/noticia/2025/01/13/mentiras-sobre-o-pix-se-espalham-e-alimentam-golpes-com-boletos-falsificados.ghtml
140|g1|https://g1.globo.com/pr/campos-gerais-sul/noticia/2025/02/12/especialista-em-golpe-do-pix-e-preso-no-parana-apos-ser-denunciado-em-23-boletins-de-ocorrencia-e-causar-prejuizos-que-superam-r-400-mil.ghtml
141|g1|https://g1.globo.com/economia/noticia/2025/01/15/pix-governo-vai-acionar-justica-contra-fake-news-e-golpes-diz-haddad.ghtml
142|g1|https://g1.globo.com/pr/parana/noticia/2024/07/01/gravei-a-tela-para-ele-nao-achar-que-eu-estava-tentando-dar-um-golpe-diz-jovem-que-devolveu-pix-e-ficou-no-prejuizo-apos-reembolso-no-parana.ghtml#:~:text=Enquanto ele devolvia o PIX,Luiz Cezar perdeu R$ 700.
143|g1|https://g1.globo.com/pr/campos-gerais-sul/noticia/2025/02/14/especialista-em-golpe-do-pix-apresentava-comprovantes-falsos-para-dar-calote-de-r-400-mil-em-23-empresas-diz-policia.ghtml
144|g1|https://g1.globo.com/economia/noticia/2020/09/28/golpistas-usam-cadastro-no-pix-para-roubar-dados-de-consumidores.ghtml
145|g1|https://g1.globo.com/pr/campos-gerais-sul/noticia/2025/02/13/especialista-em-golpe-do-pix-que-deu-calote-de-r-400-mil-em-23-empresas-morou-7-meses-em-hotel-com-a-mae-sem-pagar-diz-policia-vivia-de-golpes.ghtml
146|g1|https://g1.globo.com/ba/bahia/noticia/2024/12/18/golpe-do-pix-justica-determina-prisao-preventiva-de-suspeitos.ghtml
147|g1|https://g1.globo.com/ba/bahia/noticia/2023/05/18/jornalistas-suspeitos-de-envolvimento-no-suposto-golpe-do-pix-em-emissora-de-tv-na-ba-sao-ouvidos-pela-policia.ghtml
148|g1|https://g1.globo.com/ac/acre/noticia/2025/04/02/operacao-prende-suspeitos-de-aplicarem-golpe-do-pix-no-acre.ghtml
149|g1|https://g1.globo.com/ba/bahia/noticia/2024/08/22/golpe-do-pix-justica-e-mp-ba.ghtml
150|g1|https://g1.globo.com/jornal-nacional/noticia/2025/03/06/bc-muda-regras-do-pix-para-combater-a-acao-de-golpistas-entenda.ghtml
151|g1|https://g1.globo.com/economia/noticia/2023/06/04/fiz-um-pix-errado-saiba-como-recuperar-o-dinheiro.ghtml
152|g1|https://g1.globo.com/ro/rondonia/noticia/2025/02/04/golpe-do-falso-pix-casal-e-preso-suspeito-de-causar-prejuizo-maior-que-r-60-mil-em-estabelecimentos-de-ro.ghtml
153|g1|https://g1.globo.com/mg/sul-de-minas/noticia/2025/04/17/mulher-e-presa-em-pouso-alegre-suspeita-de-aplicar-o-golpe-do-pix-agendado-em-varios-comercios.ghtml
154|g1|https://g1.globo.com/economia/noticia/2025/01/31/receita-federal-alerta-sobre-novo-golpe-do-cpf-saiba-como-proteger-seu-documento.ghtml
155|g1|https://g1.globo.com/fato-ou-fake/noticia/2025/01/08/e-fake-pagina-que-imita-site-do-governo-federal-e-promete-saque-de-r-7-mil.ghtml
156|g1|https://g1.globo.com/economia/noticia/2022/06/26/receita-federal-alerta-para-golpes-com-pretexto-de-regularizar-cpf.ghtml
157|g1|https://g1.globo.com/fato-ou-fake/noticia/2025/03/25/e-fake-video-em-que-cesar-tralli-recomenda-link-para-resgatar-r-7-mil-usando-cpf-trata-se-de-golpe.ghtml#:~:text=O Fato ou Fake desmentiu,8 de janeiro de 2025.
158|g1|https://g1.globo.com/economia/noticia/2022/02/08/consultar-dinheiro-esquecido-em-bancos-vai-exigir-cadastro-e-conta-govbr-saiba-como-fazer.ghtml
159|g1|https://g1.globo.com/ms/mato-grosso-do-sul/noticia/2021/07/01/cpf-cancelado-justica-federal-garante-anulacao-de-documento-a-homem-vitima-de-golpe-em-ms.ghtml
160|g1|https://g1.globo.com/sp/presidente-prudente-regiao/noticia/2018/08/31/vitima-recebe-sms-sobre-suposta-divida-e-problemas-com-documentos-negocia-com-golpista-e-perde-r-200.ghtml
161|g1|https://g1.globo.com/fato-ou-fake/noticia/2025/03/14/e-fake-video-de-bolsonaro-tarcisio-e-haddad-anunciando-resgate-de-valores-a-receber-no-banco-central-trata-se-de-golpe.ghtml
162|g1|https://g1.globo.com/economia/noticia/2024/09/25/golpe-do-fgts-como-se-prevenir-e-o-que-fazer-se-a-conta-teve-saque-indevido.ghtml
163|g1|https://g1.globo.com/economia/noticia/2022/03/23/nome-sujo-como-saber-se-o-cpf-esta-negativado-e-como-limpar.ghtml
164|g1|https://g1.globo.com/politica/noticia/2024/11/23/entenda-o-que-a-pgr-pode-fazer-apos-receber-indiciamento-de-bolsonaro-e-mais-36-por-golpe-de-estado.ghtml
165|g1|https://g1.globo.com/sp/sao-paulo/noticia/2025/02/17/ameacas-diarias-de-punicao-e-16-horas-de-trabalho-para-aplicar-golpes-brasileiro-vitima-de-trafico-humano-relata-rotina-de-escravidao-por-mafia.ghtml
166|g1|https://g1.globo.com/economia/noticia/2020/11/05/nome-sujo-saiba-como-consultar-se-o-cpf-esta-negativado-e-como-regularizar-a-situacao.ghtml
167|g1|https://g1.globo.com/fantastico/noticia/2025/04/22/como-funciona-o-golpe-do-fgts-investigacao-aponta-participacao-de-funcionarios-da-caixa.ghtml
168|g1|https://g1.globo.com/fantastico/noticia/2021/07/12/entenda-como-funciona-o-golpe-do-falso-emprestimo-que-roubou-mais-de-r-30-milhoes-de-vitimas.ghtml
169|g1|https://g1.globo.com/politica/noticia/2025/03/25/denuncia-do-golpe-ministerio-publico-apresenta-argumentos-sobre-caso.ghtml
170|g1|https://g1.globo.com/pe/pernambuco/noticia/2024/08/23/beneficiarios-do-bolsa-familia-denunciam-fraude-em-saques-apos-receberem-dinheiro-na-conta-policia-investiga-golpe.ghtml
171|uol|https://www.uol.com.br/tilt/noticias/redacao/2025/03/31/nao-caia-nessa-golpe-do-falso-pagamento-e-o-mais-comum-em-compra-online.htm
172|uol|https://www.uol.com.br/tilt/noticias/redacao/2023/02/18/golpe-da-maquininha-e-da-aproximacao-como-proteger-seu-cartao-no-carnaval.htm
173|uol|https://www.uol.com.br/tilt/noticias/redacao/2023/02/01/como-se-proteger-do-golpe-que-bloqueia-pagamento-por-aproximacao.htm
174|uol|https://www.uol.com.br/tilt/isso-e-golpe/
175|uol|https://www.uol.com.br/tilt/noticias/redacao/2019/09/03/oferta-falsa-da-turma-da-monica-no-whatsapp-visa-criancas-pf-faz-alerta.htm
176|uol|https://www.uol.com.br/tilt/listas/como-criminosos-conseguem-fraudar-cartoes-e-compras-online.htm
177|uol|https://www.uol.com.br/tilt/noticias/redacao/2024/01/17/como-resolver-cartao-clonado-no-app-do-banco.htm
178|uol|https://www.uol.com.br/tilt/noticias/redacao/2023/06/19/golpe-da-cara-falsa-homem-usava-boneco-e-foto-para-burlar-biometria-facial.htm
179|uol|https://www.uol.com.br/tilt/noticias/redacao/2023/03/30/venda-de-cartao-clonado-golpistas-usam-as-redes-sociais-atrair-compradores.htm
180|uol|https://www.uol.com.br/tilt/noticias/redacao/2023/02/23/golpe-golpe-contra-mei-golpe-taxa-associativa.htm
181|uol|https://www.uol.com.br/tilt/noticias/redacao/2022/12/05/golpe-da-mao-fantasma-como-se-proteger-de-crime-que-invade-seu-celular.htm
182|uol|https://www.uol.com.br/tilt/noticias/redacao/2022/07/21/golpe-do-auxilio-brasil-criminosos-tentam-20-mil-vitimas-por-dia.htm
183|uol|https://www.uol.com.br/tilt/noticias/redacao/2022/07/14/pague-r-20-e-receba-r-200-cuidado-com-o-novo-golpe-do-robo-do-pix.htm
184|uol|https://www.uol.com.br/tilt/noticias/redacao/2022/04/30/apple-meta-e-twitter-sao-enganadas-para-exploracao-sexual-de-menores.htm
185|uol|https://www.uol.com.br/tilt/noticias/redacao/2022/01/24/novo-golpe-centrais-falsas-de-banco-usando-0800.htm
186|uol|https://www.uol.com.br/tilt/noticias/redacao/2021/09/05/golpe-do-falso-pagamento-lidera-lista-de-fraudes-digitais-mostra-pesquisa.htm
187|uol|https://www.uol.com.br/tilt/noticias/redacao/2021/08/20/justica-obriga-facebook-e-vivo-a-ressarcir-vitima-do-golpe-do-whatsapp.htm
188|uol|https://www.uol.com.br/tilt/noticias/bbc/2021/07/24/golpe-em-delivery-entregador-viraliza-ao-filmar-dados-de-cartao-veja-como-se-prevenir.htm
189|uol|https://www.uol.com.br/tilt/noticias/redacao/2021/07/11/psafe-a-cada-6-segundos-houve-uma-tentativa-de-golpe-financeiro-no-brasil.htm
190|uol|https://www.uol.com.br/carros/colunas/doutor-multas/2021/07/07/carro-clonado-como-saber-se-voce-foi-vitima-desse-golpe-e-o-que-fazer.htm
191|uol|https://www.uol.com.br/tilt/noticias/redacao/2020/05/26/golpe-do-boleto-aprenda-de-vez-como-nao-pagar-contas-falsas.htm
192|uol|https://www.uol.com.br/tilt/noticias/redacao/2019/10/30/como-nao-cair-em-golpes-ao-pagar-o-ifood.htm
193|uol|https://www.uol.com.br/tilt/noticias/redacao/2024/11/14/executivo-cai-em-golpe-de-whatsapp-e-transfere-r-270-milhoes-veja-o-caso.htm
194|uol|https://www.uol.com.br/tilt/noticias/redacao/2024/06/04/golpes-mensagens-sms-whatsapp.htm
195|uol|https://www.uol.com.br/tilt/noticias/redacao/2024/05/03/como-denunciar-golpes-no-whatsapp.htm
196|uol|https://www.uol.com.br/tilt/noticias/redacao/2022/06/17/golpe-do-meio-periodo-adianta-denunciar-mensagem-no-whatsapp-o-que-rola.htm
197|uol|https://www.uol.com.br/tilt/noticias/redacao/2022/04/25/golpistas-fingem-ser-do-suporte-do-whatsapp-para-fazer-vitimas-proteja-se.htm
198|uol|https://www.uol.com.br/tilt/noticias/redacao/2021/11/30/internauta-trola-bandido-em-golpe-do-whatsapp-e-viraliza-saiba-se-proteger.htm
199|uol|https://www.uol.com.br/tilt/noticias/redacao/2021/10/17/golpe-sequestra-contas-do-whatsapp-com-ajuda-do-proprio-usuario.htm
200|uol|https://www.uol.com.br/tilt/noticias/redacao/2021/05/17/golpe-no-whatsapp-consegue-burlar-autenticacao-de-dois-fatores.htm
201|uol|https://www.uol.com.br/tilt/noticias/redacao/2020/10/20/perfis-falsos-entenda-novo-golpe-no-whatsapp-que-afetou-ate-boulos.htm
202|uol|https://www.uol.com.br/tilt/noticias/redacao/2020/08/10/golpe-do-whatsapp-veja-o-que-fazer-para-evitar-que-o-app-seja-clonado.htm
203|uol|https://www.uol.com.br/tilt/noticias/redacao/2019/10/22/entenda-o-golpe-que-rouba-conta-de-whatsapp-sem-usar-virus.htm
204|uol|https://www.uol.com.br/tilt/noticias/redacao/2018/11/13/meu-whatsapp-foi-clonado-como-vitima-de-golpe-recuperou-conta-no-app.htm
205|uol|https://www.uol.com.br/tilt/noticias/redacao/2018/04/18/novo-golpe-no-whatsapp-promete-recarga-de-celular-gratuita.htm
206|uol|https://www.uol.com.br/carros/noticias/redacao/2025/03/21/multa-falsa-como-funciona-o-golpe-que-tem-enganado-os-motoristas.htm
207|uol|https://www.uol.com.br/tilt/noticias/redacao/2024/11/21/policia-operacao-golpe-banco.htm
208|uol|https://www.uol.com.br/carros/noticias/redacao/2024/09/02/golpe-da-multa-falsa-bandidos-cobram-por-infracao-que-voce-nao-cometeu.htm
209|uol|https://www.uol.com.br/tilt/noticias/redacao/2024/06/13/golpe-motoboy-cartao-celular-vitimas.htm
210|uol|https://www.uol.com.br/carros/noticias/redacao/2022/06/21/nao-e-so-fumaca-falsa-8-golpes-para-tomar-cuidado-ao-abastecer-no-posto.htm
211|uol|https://www.uol.com.br/tilt/noticias/redacao/2025/02/13/fique-alerta-e-se-proteja-estes-sao-5-os-golpes-do-pix-mais-famosos.htm
212|uol|https://www.uol.com.br/tilt/noticias/redacao/2023/12/20/golpe-pix-passo-a-passo-como-recuperar-dinheiro.htm
213|uol|https://www.uol.com.br/tilt/noticias/redacao/2023/11/13/gopix.htm
214|uol|https://www.uol.com.br/tilt/noticias/redacao/2023/05/30/perdi-dinheiro-no-golpe-pix-e-agora.htm
215|uol|https://www.uol.com.br/tilt/noticias/redacao/2023/12/27/golpe-online-o-que-fazer-para-conter-danos.htm
216|uol|https://www.uol.com.br/tilt/noticias/redacao/2023/08/09/criminosos-usam-cpf-original-de-vitimas-em-novo-golpe-via-sms-proteja-se.htm
217|uol|https://www.uol.com.br/tilt/noticias/redacao/2022/07/05/guia-definitivo-para-nao-cair-no-golpe-do-boleto-falso.htm
218|uol|https://www.uol.com.br/tilt/noticias/redacao/2022/02/16/golpe-dinheiro-esquecido-banco-central.htm
219|uol|https://www.uol.com.br/tilt/noticias/redacao/2021/07/08/lojas-podem-pedir-cpf-em-troca-de-descontos.htm
220|uol|https://www.uol.com.br/tilt/noticias/redacao/2020/12/04/sem-cpf-nova-lei-proibe-farmacias-de-pedir-documento-em-troca-de-desconto.htm
221|cnnbrasil|https://www.cnnbrasil.com.br/nacional/tres-pessoas-sao-presas-por-golpe-com-maquina-de-cartao-em-sp/
222|cnnbrasil|https://www.cnnbrasil.com.br/nacional/policia-busca-dupla-suspeita-de-aplicar-golpe-da-troca-de-cartoes-no-amazonas/
223|cnnbrasil|https://www.cnnbrasil.com.br/economia/golpe-do-pix-vitima-relata-nova-modalidade-usada-por-criminosos/
224|cnnbrasil|https://www.cnnbrasil.com.br/business/golpe-do-motoboy-cresce-na-pandemia-e-usa-ate-musica-que-imita-call-center/
225|cnnbrasil|https://www.cnnbrasil.com.br/nacional/policia-prende-criminosos-especializados-no-golpe-da-retencao-do-cartao-de-credito/
226|cnnbrasil|https://www.cnnbrasil.com.br/tecnologia/empresa-alerta-para-novo-golpe-com-pagamento-por-aproximacao-no-cartao-de-credito/
227|cnnbrasil|https://www.cnnbrasil.com.br/nacional/entenda-como-criminosos-trocam-etiquetas-de-bagagem-por-malas-com-drogas-em-aeroporto/
228|cnnbrasil|https://www.cnnbrasil.com.br/economia/macroeconomia/golpe-no-enjoei-crimososos-usam-plataforma-para-pedir-dados-sensiveis-e-cobrar-taxas-inexistentes/
229|cnnbrasil|https://www.cnnbrasil.com.br/nacional/nordeste/rn/empresarios-sao-investigados-por-esquema-de-clonagem-de-cartoes-em-natal/
230|cnnbrasil|https://www.cnnbrasil.com.br/economia/macroeconomia/golpe-de-pagamento-saiba-o-que-fazer-se-receber-ligacao-do-banco-para-confirmacao-de-compra/
231|cnnbrasil|https://www.cnnbrasil.com.br/nacional/casal-e-preso-apos-se-hospedar-em-hotel-de-luxo-com-cartao-clonado-no-rj/
232|cnnbrasil|https://www.cnnbrasil.com.br/nacional/especialista-explica-como-evitar-golpes-em-pagamento-via-whatsapp-veja/
233|cnnbrasil|https://www.cnnbrasil.com.br/business/golpe-no-whatsapp-consegue-burlar-verificacao-em-duas-etapas/
234|cnnbrasil|https://www.cnnbrasil.com.br/tecnologia/golpes-de-whatsapp-afetam-cerca-15-mil-pessoas-por-dia-diz-levantamento/
235|cnnbrasil|https://www.cnnbrasil.com.br/tecnologia/whatsapp-em-2020/
236|cnnbrasil|https://www.cnnbrasil.com.br/nacional/sudeste/sp/policia-desmonta-falsa-central-telefonica-e-prende-11-em-guarulhos-sp/
237|cnnbrasil|https://www.cnnbrasil.com.br/nacional/centro-oeste/df/policia-desarticula-grupo-que-aplicava-golpe-da-falsa-central-bancaria/
238|cnnbrasil|https://www.cnnbrasil.com.br/nacional/sudeste/mg/pf-prende-grupo-que-aplicava-golpes-com-falsa-central-de-atendimento-em-mg/
239|cnnbrasil|https://www.cnnbrasil.com.br/economia/financas/pix-receita-alerta-sobre-tentativa-de-golpe-com-falsa-cobranca-de-taxa/
240|cnnbrasil|https://www.cnnbrasil.com.br/nacional/sudeste/rj/saiba-quem-e-a-mulher-que-liderava-golpe-da-falsa-garota-de-programa-no-rj/
241|cnnbrasil|https://www.cnnbrasil.com.br/nacional/policia-cumpre-92-mandados-contra-grupo-que-aplicava-golpe-da-falsa-central/
242|cnnbrasil|https://www.cnnbrasil.com.br/nacional/policia-desmantela-falsa-central-bancaria-que-dava-golpe-da-fraude-na-conta-em-idosos/
243|cnnbrasil|https://www.cnnbrasil.com.br/politica/stf-alerta-para-golpe-de-multa-falsa-sobre-uso-do-vpn-para-acessar-o-x/
244|cnnbrasil|https://www.cnnbrasil.com.br/nacional/falsa-central-de-atendimento-bancario-22-pessoas-sao-presas-em-sp-e-sc/
245|cnnbrasil|https://www.cnnbrasil.com.br/nacional/sudeste/sp/golpe-da-falsa-central-bancaria-nove-suspeitos-sao-presos-em-sp/
246|cnnbrasil|https://www.cnnbrasil.com.br/nacional/sudeste/rj/manual-da-extorsao-policia-encontra-guia-para-golpe-da-falsa-garota-de-programa/
247|cnnbrasil|https://www.cnnbrasil.com.br/nacional/sudeste/rj/golpe-da-falsa-garota-de-programa-fez-mais-de-30-vitimas-no-rj-entenda-o-caso/
248|cnnbrasil|https://www.cnnbrasil.com.br/nacional/brasil/operacao-mira-77-pessoas-por-golpe-do-falso-intermediario-em-4-estados/
249|cnnbrasil|https://www.cnnbrasil.com.br/economia/macroeconomia/mais-r-1-bilhao-em-golpes-e-falhas-no-pix-ja-foram-devolvidos-por-meio-de-mecanismo-especial-do-bc/
250|cnnbrasil|https://www.cnnbrasil.com.br/economia/financas/veja-dicas-de-como-se-proteger-do-golpe-do-pix-errado/
251|cnnbrasil|https://www.cnnbrasil.com.br/economia/macroeconomia/golpe-com-pix-saiba-quais-sao-os-casos-mais-comuns-e-como-se-proteger/
252|cnnbrasil|https://www.cnnbrasil.com.br/business/2021/01/19/criminosos-usam-pix-para-aplicar-golpes-bancos-e-especialistas-fazem-alertas
253|cnnbrasil|https://www.cnnbrasil.com.br/economia/financas/golpe-do-pix-errado-entenda-como-funciona-e-saiba-como-se-proteger/
254|cnnbrasil|https://www.cnnbrasil.com.br/tecnologia/entenda-como-funciona-o-virus-que-rouba-pix-e-saiba-como-se-proteger/
255|cnnbrasil|https://www.cnnbrasil.com.br/economia/macroeconomia/mais-de-17-milhao-de-golpes-com-pix-foram-aplicados-em-2022-mostra-levantamento/
256|cnnbrasil|https://www.cnnbrasil.com.br/economia/macroeconomia/pix-bc-obriga-bancos-a-criarem-alerta-de-golpe-a-partir-de-2025/
257|cnnbrasil|https://www.cnnbrasil.com.br/economia/financas/golpes-com-pix-podem-superar-r-12-bi-ate-2028-diz-estudo/
258|cnnbrasil|https://www.cnnbrasil.com.br/politica/dinheiro-que-financiou-tentativa-de-golpe-foi-obtido-com-pessoal-do-agronegocio-disse-cid-a-pf/
259|cnnbrasil|https://www.cnnbrasil.com.br/economia/macroeconomia/dinheiro-esquecido-mais-de-560-mil-foram-vitimas-de-golpe-projeta-psafe/
260|cnnbrasil|https://www.cnnbrasil.com.br/economia/macroeconomia/golpe-de-pagamento-saiba-o-que-fazer-se-receber-ligacao-do-banco-para-confirmacao-de-compra/#:~:text=O Inter destaca que normalmente,pessoais, como CPF e senha.
261|cnnbrasil|https://www.cnnbrasil.com.br/economia/financas/ultimo-dia-para-sacar-dinheiro-esquecido-veja-como-se-logar-no-gov-br/
262|economia|https://economia.uol.com.br/noticias/redacao/2024/04/22/jovem-diz-que-levou-golpe-da-riachuelo-veja-se-cartao-de-loja-e-furada.htm
263|economia|https://economia.uol.com.br/colunas/tudo-golpe/2020/06/02/criminosos-usam-fotos-de-redes-sociais-para-aplicar-golpes-no-whatsapp.htm
264|economia|https://economia.uol.com.br/noticias/redacao/2020/02/14/golpe-cartao-maquininha-celular-no-carnaval-dicas-para-evitar.htm
265|economia|https://economia.uol.com.br/financas-pessoais/noticias/redacao/2018/10/14/cartao-senha-fraude-banco-golpe-indenizacao.htm
266|economia|https://economia.uol.com.br/noticias/redacao/2025/04/29/golpe-novo-virus-clona-dados-de-cartao-remotamente-pelo-celular.htm
267|economia|https://economia.uol.com.br/noticias/redacao/2024/09/16/golpes-financeiros-mais-cometidos-contra-idosos.htm
268|economia|https://economia.uol.com.br/noticias/redacao/2021/09/20/cartao-clonado-afeta-milhoes-no-brasil-saiba-como-recuperar-o-dinheiro.htm
269|economia|https://economia.uol.com.br/noticias/redacao/2021/02/25/golpe-pix-bancos-febraban-whatsapp-bug-clonagem-crime.htm
270|economia|https://economia.uol.com.br/noticias/estadao-conteudo/2025/01/31/itau-passa-a-alertar-cliente-via-whatsapp-sobre-possiveis-golpes-em-transacoes.htm
271|economia|https://economia.uol.com.br/noticias/redacao/2021/01/15/golpe-pix-whatsapp-fraude.htm
272|economia|https://economia.uol.com.br/noticias/redacao/2025/05/14/saque-social-como-funciona-o-golpe-que-simula-programas-de-governo.htm
273|economia|https://economia.uol.com.br/noticias/redacao/2025/04/16/10-golpes-mais-comuns-contra-clientes-bancarios-em-2024-e-como-se-proteger.htm
274|economia|https://economia.uol.com.br/noticias/redacao/2023/01/09/valores-a-receber-golpe-promete-dinheiro-esquecido-em-nome-do-bc.htm
275|economia|https://economia.uol.com.br/noticias/estadao-conteudo/2021/08/28/nao-ha-consenso-sobre-quem-deve-arcar-com-o-prejuizo.htm
276|economia|https://economia.uol.com.br/noticias/redacao/2025/02/05/pedidos-de-reembolso-de-golpe-do-pix-saltam-98.htm
277|economia|https://economia.uol.com.br/noticias/estadao-conteudo/2025/01/21/golpes-com-pix-no-brasil-devem-chegar-a-r-11-bilhoes-em-2028-projeta-estudo.htm
278|economia|https://economia.uol.com.br/noticias/estadao-conteudo/2024/09/18/bc-manda-bancos-criarem-alerta-de-golpe-do-pix-medida-entra-em-vigor-em-2025.htm
279|economia|https://economia.uol.com.br/amp-stories/golpe-do-pix-devolvido-entenda-como-funciona-e-evite-cair.htm
280|economia|https://economia.uol.com.br/noticias/redacao/2024/09/10/bc-ja-devolveu-r-1-bilhao-a-vitimas-de-golpe-do-pix.htm
281|economia|https://economia.uol.com.br/noticias/redacao/2024/06/03/golpes-pelo-celular-febraban.htm
282|economia|https://economia.uol.com.br/noticias/redacao/2023/10/21/o-que-e-o-mecanismo-especial-de-devolucao-que-bloqueia-pix-de-golpes.htm
283|economia|https://economia.uol.com.br/videos/?id=golpe-hackers-do-pix-invadem-celular-de-vitimas-04020E9A3160DCC96326
284|economia|https://economia.uol.com.br/noticias/redacao/2022/07/15/urubu-do-pix-golpe-redes-sociais.htm
285|economia|https://economia.uol.com.br/noticias/redacao/2022/06/15/golpe-do-pix-agendado-dicas-para-nao-cair.htm
286|economia|https://economia.uol.com.br/noticias/redacao/2021/05/28/pix-golpe-fraude-dicas-de-seguranca.htm
287|economia|https://economia.uol.com.br/noticias/redacao/2021/05/26/mulher-diz-que-perdeu-r-65-mil-em-golpe-no-pix.htm
288|economia|https://economia.uol.com.br/noticias/redacao/2025/05/09/fraude-do-inss-anuncios-falsos-prometem-ressarcir-ate-r-15-mil-e-golpe.htm
289|economia|https://economia.uol.com.br/noticias/redacao/2025/01/31/alerta-golpe-receita.htm
290|economia|https://economia.uol.com.br/noticias/redacao/2024/09/12/dinheiro-esquecido-saiba-como-consultar-e-sacar-valores-a-receber-no-bc.htm
291|economia|https://economia.uol.com.br/noticias/redacao/2024/08/30/desde-2018-alguem-usa-meu-cpf-para-abrir-contas-e-ate-uma-empresa.htm
292|economia|https://economia.uol.com.br/guia-de-economia/uso-indevido-cpf-dicas-combater-fraudes.htm
293|economia|https://economia.uol.com.br/videos/?id=estelionatario-e-preso-usando-cpf-do-expresidente-fhc-04028D9C3562C8B96326
294|economia|https://economia.uol.com.br/imposto-de-renda/noticias/redacao/2023/05/31/cpf-bloqueado-e-ate-prisao-o-que-acontece-se-nao-mandar-o-imposto-de-renda.htm
295|economia|https://economia.uol.com.br/noticias/redacao/2021/02/11/registrato-sistema-banco-central-bc-contas-dados-vazamento-pix-cpf-fraude.htm
296|economia|https://economia.uol.com.br/noticias/redacao/2021/01/19/golpe-pix-nubank-duplo-deposito.htm
297|economia|https://economia.uol.com.br/noticias/redacao/2020/04/27/auxilio-r-600-zero-cpf-some-confirmacao-do-pedido.htm
298|economia|https://economia.uol.com.br/noticias/redacao/2019/03/15/aplicativo-spc-consumidor-cpf-consulta.htm
299|economia|https://economia.uol.com.br/financas-pessoais/noticias/redacao/2014/09/10/13-dicas-para-evitar-o-uso-indevido-do-cpf.htm
330|terra|https://www.terra.com.br/economia/golpe-do-cartao-por-aproximacao-entenda-como-os-criminosos-agem,93d1bb60a3e8b70edfa6e02304c157d7r4klr756.html
331|terra|https://www.terra.com.br/economia/golpe-do-pix-copia-e-cola-criminosos-roubam-dinheiro-de-vitimas-em-compras-on-line-saiba-se-proteger,251665af2352523daa77fc823125611c55yvhj0l.html
332|terra|https://www.terra.com.br/economia/tudo-sobre-devolucao-troca-e-outros-direitos-em-compras-online,722299eeee3e52df16a1ff59510bf499gap40smt.html
333|terra|https://www.terra.com.br/byte/conheca-novo-golpe-online-que-rouba-dados-de-cartoes-de-credito-e-mais,4fcbe66587aa8d4ecf9575010e04ebfb7y4enl7f.html
334|terra|https://www.terra.com.br/noticias/dino/golpe-do-cartao-de-credito-clonado-na-internet-afeta-a-vida-dos-brasileiro,d85b15bde8d0a89e143a94625b00d5b7eqdy8bm5.html
335|terra|https://www.terra.com.br/byte/golpe-no-instagram-copia-perfis-de-mulheres-para-clonar-cartoes-de-credito,2c5ef5bdd0743a28a5673830134391fc7kiiv7k4.html
336|terra|https://www.terra.com.br/byte/como-saber-se-meu-celular-foi-clonado-veja-o-que-fazer,59c29baf4f9b5141614aef5c9a3363dccp4n9ast.html
337|terra|https://www.terra.com.br/byte/novo-golpe-de-falsa-taxa-de-entrega-circula-no-whatsapp-entenda,5a3423a54d251fc3c2a1656ea17d8915e3fw8bo3.html
338|terra|https://www.terra.com.br/byte/golpe-pelo-whatsapp-promete-falso-emprego-em-nome-do-google-e-youtube,3cde178ddcaa1a5c2145d00fe3fa0f9fsusu2jrh.html
339|terra|https://www.terra.com.br/economia/5-dicas-para-nao-cair-no-golpe-do-falso-advogado-por-whatsapp,1d17527c895345a53dab4a058343600987w0l3l6.html
340|terra|https://www.terra.com.br/economia/nao-caia-nessa/golpe-das-multas-falsas-preocupa-motoristas-saiba-como-identificar-fraude,c4e67abf942ad218735a3fd7f0d8b6011ctv62tf.html
341|terra|https://www.terra.com.br/economia/golpe-dos-correios-saiba-como-identificar-nova-fraude-que-envolve-compras-feitas-pela-internet,81c67c04d0ba69a1e8cc840e10a037217qcc5v2o.html
342|terra|https://www.terra.com.br/noticias/golpe-do-falso-atendente-atinge-clientes-do-nubank,7fc47097edb07097bd80370ba7b1f1aek5528nuc.html
343|terra|https://www.terra.com.br/diversao/carnaval/rio-de-janeiro/internautas-alertam-para-o-golpe-da-falsa-briga-em-blocos-de-rua-no-pre-carnaval-do-rj,f4b756a619e033c0da4893202fc32d5240ltmodt.html
344|terra|https://www.terra.com.br/noticias/brasil/policia/foragida-suspeita-de-aplicar-golpe-da-falsa-garota-de-programa-ostentava-nas-redes-sociais-gosto-dessa-vida-cara,ce1f6cabf24e32c47f40c0806a23e5d1g6r7twpv.html
345|terra|https://www.terra.com.br/economia/golpes-do-pix-perdas-devem-ultrapassar-os-r-3-bi-no-brasil-ate-2027,a9ff2fcc1f670eed17dde0833fe8c90bvaagsnsm.html
346|terra|https://www.terra.com.br/economia/financas-pessoais/7-golpes-mais-frequentes-com-o-pix-em-2025,cfb963852e0cc0256da9f61a8b7d2b4ccfwnxg3s.html
347|terra|https://www.terra.com.br/economia/recebi-pix-de-um-estranho-o-que-devo-fazer-para-saber-se-e-golpe-ou-real,ec1be3d455ab1dd495a156c95250d4b11kprk8hj.html
348|terra|https://www.terra.com.br/economia/pedido-de-estorno-por-golpe-via-pix-veja-como-recuperar-dinheiro,e4657076c9ebc9c934abb283accd6230pn66kq1j.html
349|terra|https://www.terra.com.br/economia/novo-golpe-altera-qr-code-do-pix-e-codigo-de-barras-de-boletos,677fc4ac080efaae80de98abeb71d2f9ladthhdf.html
350|terra|https://www.terra.com.br/visao-do-corre/role-de-quebrada/tudo-no-pix-ou-dinheiro-veja-como-evitar-golpes-no-carnaval,bfbefed736a77211f6a0cdd96c683e1ajyuz7fo2.html
351|terra|https://www.terra.com.br/economia/fraudes-no-pix-devem-gerar-prejuizo-de-r-11-bilhoes-em-2028-projeta-estudo,f29dd5774ee609dd9d98910b00d237e3w51gn71q.html
352|terra|https://www.terra.com.br/economia/pode-ser-o-seu-cpfs-vazados-sao-usados-em-novo-golpe-via-sms,6979055b7fd9e2e4ea9801ef77279313rbikend0.html
353|terra|https://www.terra.com.br/noticias/checamos/posts-enganosos-inventam-programa-de-saque-social-para-aplicar-golpe,5796980f45b039d247afc64b782c201a879temnj.html
354|terra|https://www.terra.com.br/economia/conheca-a-ferramenta-da-receita-federal-que-ajuda-na-protecao-do-cpf-contra-golpes,9819e7e40b0088b2efe39d2b64939733d13juh4o.html
355|terra|https://www.terra.com.br/noticias/apos-ser-vitima-de-inumeros-golpes-rapaz-consegue-decisao-judicial-para-alterar-o-cpf,feac75d563a0236d5e4929eb22032e76ihg9rkjt.html
380|canaltech|https://canaltech.com.br/seguranca/5-golpes-para-ficar-atento-antes-de-fazer-compras-de-natal/
381|canaltech|https://canaltech.com.br/seguranca/golpe-do-delivery-ganha-novas-abordagens-e-segue-em-alta-195708/
382|canaltech|https://canaltech.com.br/seguranca/como-proteger-o-cartao-de-credito-por-aproximacao-de-novo-golpe-de-clonagem-238388/
383|canaltech|https://canaltech.com.br/seguranca/como-funcionam-os-golpes-no-whatsapp/
384|canaltech|https://canaltech.com.br/seguranca/golpe-no-whatsapp-promete-sorteios-falsos-e-contamina-celulares-220859/
385|canaltech|https://canaltech.com.br/seguranca/como-denunciar-golpes-no-whatsapp-4-dicas-de-seguranca-212989/
386|canaltech|https://canaltech.com.br/seguranca/estes-sao-os-golpes-mais-comuns-no-whatsapp-veja-como-se-proteger-213052/
387|canaltech|https://canaltech.com.br/seguranca/novos-golpes-com-whatsapp-podem-roubar-dados-bancarios-205795/
388|canaltech|https://canaltech.com.br/seguranca/vitima-de-golpe-no-whatsapp-da-o-troco-e-engana-criminoso-204554/
389|canaltech|https://canaltech.com.br/seguranca/e-golpe-falsas-ofertas-de-emprego-chegam-por-sms-e-whatsapp-para-roubar-dados-203527/
390|canaltech|https://canaltech.com.br/seguranca/novo-golpe-rouba-whatsapp-de-quem-anunciou-algum-produto-na-internet-140165/
391|canaltech|https://canaltech.com.br/hacker/golpe-do-whatsapp-clonado-atinge-cerca-de-5-mil-pessoas-no-brasil-128777/
392|canaltech|https://canaltech.com.br/seguranca/santander-libera-alerta-de-golpe-da-falsa-central-no-app-para-empresas/
393|canaltech|https://canaltech.com.br/seguranca/como-se-proteger-do-golpe-da-falsa-central-telefonica/
394|canaltech|https://canaltech.com.br/seguranca/itau-ganha-nova-defesa-contra-golpe-da-central-telefonica-falsa-287353/
395|canaltech|https://canaltech.com.br/seguranca/golpe-do-pix-banco-central-estuda-responsabilizar-bancos-por-contas-falsas-217790/
396|canaltech|https://canaltech.com.br/seguranca/6-golpes-do-pix-que-estarao-em-alta-em-2022-208484/
397|canaltech|https://canaltech.com.br/seguranca/golpes-no-pix-veja-como-funciona-as-duas-principais-abordagens-dos-criminosos-201998/
398|canaltech|https://canaltech.com.br/seguranca/rei-do-pix-criminosos-usam-redes-sociais-e-aplicam-golpes-com-transferencias-193399/
399|canaltech|https://canaltech.com.br/seguranca/conheca-os-principais-golpes-envolvendo-o-pix-e-saiba-como-evitar-ser-vitima/
400|canaltech|https://canaltech.com.br/seguranca/valores-a-receber-golpes-com-dinheiro-esquecido-voltam-a-circular-255180/
401|canaltech|https://canaltech.com.br/seguranca/golpe-usa-valores-a-receber-e-dinheiro-esquecido-do-bc-para-roubar-dados-235574/
402|canaltech|https://canaltech.com.br/seguranca/como-saber-se-estao-usando-seu-cpf-em-golpes-financeiros-201576/
403|tecmundo|https://www.tecmundo.com.br/seguranca/225900-remocao-anjo-novo-golpe-cartao-credito-cresce-entre-criminosos.htm
404|tecmundo|https://www.tecmundo.com.br/seguranca/155200-golpe-usa-nome-netflix-roubar-dados-cartao-credito.htm
405|tecmundo|https://www.tecmundo.com.br/seguranca/265935-golpe-qr-code-proteger.htm
406|tecmundo|https://www.tecmundo.com.br/seguranca/259957-novo-golpe-permite-clonar-cartoes-pagamentos-aproximacao.htm
407|tecmundo|https://www.tecmundo.com.br/seguranca/207094-whatsapp-clonado-conheca-golpes-saiba-proteger.htm
408|tecmundo|https://www.tecmundo.com.br/email/2726-clonagem-de-cartao-entenda-como-acontece-e-os-riscos.htm
409|tecmundo|https://www.tecmundo.com.br/seguranca/290676-proteger-golpe-do-numero-novo.htm
410|tecmundo|https://www.tecmundo.com.br/seguranca/234500-whatsapp-43-usuarios-vitimas-golpes-diz-pesquisa.htm
411|tecmundo|https://www.tecmundo.com.br/internet/217177-post-usuaria-dando-golpe-golpista-repercute-internet-veja.htm
412|tecmundo|https://www.tecmundo.com.br/seguranca/215881-golpe-promete-deixar-whatsapp-rosa-rouba-dados.htm
413|tecmundo|https://www.tecmundo.com.br/seguranca/123656-fotos-festa-otimas-golpe-usa-whatsapp-te-enganar.htm
414|tecmundo|https://www.tecmundo.com.br/seguranca/266461-golpe-falsa-central-atendimento-veja-nao-cair.htm
415|tecmundo|https://www.tecmundo.com.br/seguranca/233848-proteger-golpe-falsa-central-atendimento.htm
416|tecmundo|https://www.tecmundo.com.br/seguranca/232352-golpe-0800-criminosos-usam-falsa-central-roubar-cartoes.htm
417|tecmundo|https://www.tecmundo.com.br/seguranca/288341-bancos-explicam-funciona-golpe-pix-errado-entenda.htm
418|tecmundo|https://www.tecmundo.com.br/seguranca/287972-golpes-pix-causaram-prejuizos-r-1-5-bilhao-2023.htm
419|tecmundo|https://www.tecmundo.com.br/seguranca/284852-jogos-ganhar-dinheiro-via-pix-conheca-5-golpes-comuns.htm
420|tecmundo|https://www.tecmundo.com.br/seguranca/240840-urubu-pix-entenda-golpe-envolvendo-depositos-whatsapp.htm
421|tecmundo|https://www.tecmundo.com.br/seguranca/237004-golpe-pix-responsabilidade-empresta-conta.htm
422|tecmundo|https://www.tecmundo.com.br/seguranca/234109-pix-eu-devo-fazer-dinheiro-que-caiu-indevido-conta.htm
423|tecmundo|https://www.tecmundo.com.br/seguranca/294149-video-falso-usa-deepfake-haddad-golpe-dinheiro-esquecido.htm
424|olhar|https://olhardigital.com.br/2023/12/14/seguranca/anatel-alerta-para-golpe-de-troca-de-operadora-de-telefonia/
425|olhar|https://olhardigital.com.br/2022/05/16/seguranca/golpe-sim-swap-criminosos-podem-tomar-sua-conta-do-whatsapp-trocando-seu-chip-facilmente/
426|olhar|https://olhardigital.com.br/2024/08/27/seguranca/novo-golpe-usa-malware-para-roubar-dados-de-cartoes-em-pagamentos-por-aproximacao/
427|olhar|https://olhardigital.com.br/2023/08/30/seguranca/cartao-clonado-como-descobrir-o-que-fazer-e-como-se-prevenir/
428|olhar|https://olhardigital.com.br/2025/02/04/seguranca/golpe-no-whatsapp-rouba-credenciais-bancarias-de-usuarios/
429|olhar|https://olhardigital.com.br/2024/11/14/seguranca/conheca-4-funcoes-do-whatsapp-que-te-protegem-contra-golpes-no-app/
430|olhar|https://olhardigital.com.br/2024/09/13/pro/veja-o-que-fazer-se-voce-cair-no-golpe-do-numero-novo-do-whatsapp/
431|olhar|https://olhardigital.com.br/2023/02/01/dicas-e-tutoriais/5-dicas-de-seguranca-para-evitar-golpes-no-whatsapp/
432|olhar|https://olhardigital.com.br/2022/10/06/seguranca/saiba-quais-os-golpes-mais-comuns-no-whatsapp/
433|olhar|https://olhardigital.com.br/2021/10/18/seguranca/golpe-sequestra-whatsapp-com-ajuda-da-propria-vitima-veja-como-se-proteger/
434|olhar|https://olhardigital.com.br/2020/07/27/seguranca/tentativa-de-golpe-por-whatsapp-e-registrada-e-viraliza-na-internet-ouca/
435|olhar|https://olhardigital.com.br/fique_seguro/noticia/novo-golpe-do-whatsapp-invade-contas-com-o-codigo-de-verificacao/97388
436|olhar|https://olhardigital.com.br/2019/12/16/seguranca/caiu-em-golpe-no-whatsapp-especialista-ensina-recuperar-a-conta/
437|olhar|https://olhardigital.com.br/dicas_e_tutoriais/noticia/sim-swap-saiba-como-criminosos-sequestram-as-contas-de-whatsapp/79348
438|olhar|https://olhardigital.com.br/2024/11/24/seguranca/conheca-o-golpe-da-falsa-investigacao-e-como-se-proteger/
439|olhar|https://olhardigital.com.br/2024/06/13/seguranca/golpe-da-falsa-central-e-aprimorado-e-causa-grandes-prejuizos/
440|olhar|https://olhardigital.com.br/2024/03/17/seguranca/golpe-do-0800-como-funciona-fraude-da-falsa-central/
441|olhar|https://olhardigital.com.br/2024/07/17/seguranca/golpe-do-pix-errado-como-funciona-e-saiba-se-proteger/
442|olhar|https://olhardigital.com.br/2024/02/03/seguranca/conheca-6-tipos-de-golpes-do-pix-como-funcionam-e-maneiras-de-se-proteger/
443|olhar|https://olhardigital.com.br/2022/12/28/tira-duvidas/o-que-e-e-como-funciona-o-golpe-do-pix/
444|olhar|https://olhardigital.com.br/2023/08/09/seguranca/cuidado-golpistas-tem-um-novo-golpe-que-usa-dados-reais-da-vitima/
445|noticias_uol|https://noticias.uol.com.br/confere/ultimas-noticias/2025/04/15/ratinho-propaganda-cartao-blue-bird-falso.htm
446|noticias_uol|https://noticias.uol.com.br/cotidiano/ultimas-noticias/2025/01/05/homem-e-preso-com-180-mil-cartoes-clonados-e-suspeito-deensinargolpes.htm
447|noticias_uol|https://noticias.uol.com.br/comprova/ultimas-noticias/2025/04/07/saiba-o-que-fazer-ao-receber-mensagem-de-numero-desconhecido-no-whatsapp.htm
448|noticias_uol|https://noticias.uol.com.br/cotidiano/ultimas-noticias/2024/10/01/golpes-em-aplicativos-de-relacionamento.htm
449|noticias_uol|https://noticias.uol.com.br/politica/ultimas-noticias/2025/05/13/pf-suspeita-de-fraudes-de-reconhecimento-facial-em-3-mil-contas-do-govbr.htm
450|noticias_uol|https://noticias.uol.com.br/politica/ultimas-noticias/2025/05/01/quem-e-quem-fraude-inss.htm
451|noticias_uol|https://noticias.uol.com.br/cotidiano/ultimas-noticias/2025/04/15/presos-golpe-falsa-central-de-banco.htm
452|noticias_uol|https://noticias.uol.com.br/ultimas-noticias/agencia-estado/2024/08/16/falsa-central-telefonica-usava-robos-para-golpes-em-medicos-e-dentistas-veja-como-funcionava.htm
453|noticias_uol|https://noticias.uol.com.br/ultimas-noticias/agencia-estado/2024/01/18/falsa-central-de-atendimento-aplicava-golpe-por-sms-diz-policia-de-sp.htm
454|noticias_uol|https://noticias.uol.com.br/comprova/ultimas-noticias/2025/04/01/como-identificar-e-se-proteger-do-golpe-do-pix-errado.htm
455|noticias_uol|https://noticias.uol.com.br/cotidiano/ultimas-noticias/2024/12/18/reus-por-golpe-do-pix-aplicado-em-programa-de-tv-na-ba-tem-prisao-decretada.htm
456|noticias_uol|https://noticias.uol.com.br/ultimas-noticias/agencia-estado/2024/05/16/policia-do-rs-prende-trio-no-abc-paulista-suspeito-de-golpe-usando-contas-pix-do-estado-gaucho.htm
457|noticias_uol|https://noticias.uol.com.br/colunas/tales-faria/2024/05/06/como-fugir-do-golpe-do-pix-da-enchente-no-rs-governador-explicou-mal.htm
458|noticias_uol|https://noticias.uol.com.br/ultimas-noticias/redacao/2025/04/19/anpd-desconto-em-remedio-em-troca-do-cpf-e-potencialmente-ficticio.htm
459|noticias_uol|https://noticias.uol.com.br/confere/ultimas-noticias/2024/10/10/golpe-pablo-marcal-resgate-cpf.htm
460|noticias_uol|https://noticias.uol.com.br/confere/ultimas-noticias/2024/09/09/nao-existe-programa-indeniza-brasil-por-vazamento-de-dados.htm
461|noticias_uol|https://noticias.uol.com.br/cotidiano/ultimas-noticias/2024/02/29/serasa-criminosos-criaram-mais-de-54-mil-anuncios-sobre-falsa-indenizacao.htm
462|noticias_uol|https://noticias.uol.com.br/confere/ultimas-noticias/2024/02/14/e-falso-indenizacao-serasa-r-30-mil-vazamento-de-dados.htm
463|noticias_uol|https://noticias.uol.com.br/confere/ultimas-noticias/2024/01/17/site-imita-portal-do-governo-para-solicitar-dados-pessoais.htm
464|noticias_uol|https://noticias.uol.com.br/confere/ultimas-noticias/2023/12/15/falso-saque-social-golpe.htm
465|noticias_uol|https://noticias.uol.com.br/politica/ultimas-noticias/2021/04/25/foto-de-bolsonaro-com-cpf-cancelado-e-criticada-pela-oposicao.htm
466|em|https://www.em.com.br/app/noticia/economia/2022/03/28/internas_economia,1355954/golpe-da-maquininha-confira-dicas-para-nao-ser-vitima-do-crime.shtml
467|em|https://www.em.com.br/app/noticia/nacional/2019/03/02/interna_nacional,1035086/febraban-alerta-folioes-sobre-golpes-com-cartao-de-credito-ou-debito-n.shtml
468|em|https://www.em.com.br/app/noticia/economia/2012/02/10/internas_economia,277317/policia-civil-prende-suspeito-que-aplicava-golpe-com-maquina-de-cartao-de-credito.shtml
469|em|https://www.em.com.br/app/noticia/gerais/2023/05/05/interna_gerais,1489968/quadrilha-especializada-em-golpe-de-clonagem-de-cartao-e-presa.shtml
470|em|https://www.em.com.br/app/noticia/gerais/2022/05/17/interna_gerais,1367069/especialista-da-instrucoes-sobre-o-que-fazer-quando-o-cartao-for-clonado.shtml
471|em|https://www.em.com.br/app/noticia/gerais/2021/12/14/interna_gerais,1331144/policia-prende-integrantes-de-quadrilha-do-golpe-do-cartao-clonado.shtml
472|em|https://www.em.com.br/app/colunistas/anna-marina/2020/03/18/interna_anna_marina,1129720/golpe-do-cartao-de-credito-clonado-continua-a-topo-vapor.shtml
473|em|https://www.em.com.br/app/noticia/economia/2013/08/19/internas_economia,436720/cuidados-ao-usar-caixas-eletronicos-e-e-mails-para-nao-cair-no-golpe-do-cartao-clonado.shtml
474|em|https://www.em.com.br/emfoco/2025/05/14/cuidado-golpes-no-whatsapp-estao-em-alta-novamente-e-voce-pode-ser-a-proxima-vitima/
475|em|https://www.em.com.br/app/noticia/tecnologia/2022/06/09/interna_tecnologia,1372258/novo-golpe-no-whatsapp-criminosos-usam-nome-de-faccao-para-roubar-vitimas.shtml
476|em|https://www.em.com.br/app/noticia/nacional/2022/02/14/interna_nacional,1344682/fique-atento-saiba-como-nao-cair-em-novo-golpe-que-circula-no-whatsapp.shtml
477|em|https://www.em.com.br/app/colunistas/direito-e-inovacao/2022/01/20/noticia-direito-e-inovacao,1338927/de-quem-e-a-responsabilidade-por-golpes-no-whatsapp.shtml
478|em|https://www.em.com.br/emfoco/2025/04/27/recebeu-pix-por-engano-cuidado-voce-pode-estar-sendo-alvo-de-golpistas/
479|em|https://www.em.com.br/emfoco/2025/05/21/cuidado-receita-federal-alerta-sobre-novo-golpe-do-cpf-suspenso/
480|em|https://www.em.com.br/emfoco/2025/03/23/receita-federal-emite-comunicado-geral-23-03-para-todos-os-cpf/
481|em|https://www.em.com.br/emfoco/2025/03/05/golpe-do-cpf-uma-armadilha-que-rouba-seus-dados-e-seu-dinheiro/
482|em|https://www.em.com.br/emfoco/2025/03/03/receita-federal-alerta-sobre-novo-golpe-do-cpf/
483|em|https://www.em.com.br/emfoco/2025/01/26/comunicado-importante-26-01-para-todos-os-donos-de-cpf/
484|em|https://www.em.com.br/app/noticia/economia/2014/09/08/internas_economia,566685/saiba-o-que-fazer-para-evitar-fraudes-apos-ter-cpf-clonado.shtml